Rk|Player|Nation|Pos|Squad|Age|Born|90s|Gls|Sh|SoT|SoT%|Sh/90|SoT/90|G/Sh|G/SoT|Dist|PK|PKatt|Matches
1|Patrick van Aanholt|nl NED|DF|Crystal Palace|25|1990|7.9|2|10|3|30.0|1.26|0.38|0.20|0.67||0|0|Matches
2|Patrick van Aanholt|nl NED|DF|Sunderland|25|1990|19.8|3|24|10|41.7|1.21|0.50|0.13|0.30||0|0|Matches
3|Charlie Adam|sct SCO|MF|Stoke City|30|1985|16.9|1|40|11|27.5|2.37|0.65|0.00|0.00||1|1|Matches
4|Albert Adomah|gh GHA|"DF,FW"|Middlesbrough|28|1987|1.4|0|4|0|0.0|2.95|0.00|0.00|||0|0|Matches
5|Adrián|es ESP|GK|West Ham|29|1987|16.0|0|0|0||0.00|0.00||||0|0|Matches
6|Ibrahim Afellay|nl NED|"FW,MF"|Stoke City|30|1986|4.3|0|6|1|16.7|1.41|0.23|0.00|0.00||0|0|Matches
7|Benik Afobe|cd COD|FW|Bournemouth|23|1993|16.2|6|39|18|46.2|2.40|1.11|0.15|0.33||0|1|Matches
8|Sergio Agüero|ar ARG|FW|Manchester City|28|1988|26.7|20|139|54|38.8|5.21|2.02|0.12|0.30||4|5|Matches
9|Dan Agyei|eng ENG|"FW,MF"|Burnley|19|1997|0.3|0||0|||0.00||||0|0|Matches
10|Ola Aina|ng NGA|"DF,MF"|Chelsea|19|1996|0.3|0|1|1|100.0|3.46|3.46|0.00|0.00||0|0|Matches
11|Nathan Aké|nl NED|"DF,MF"|Bournemouth|21|1995|8.2|3|6|4|66.7|0.73|0.49|0.50|0.75||0|0|Matches
12|Nathan Aké|nl NED|"DF,MF"|Chelsea|21|1995|1.1|0|1|0|0.0|0.91|0.00|0.00|||0|0|Matches
13|Marc Albrighton|eng ENG|"DF,FW"|Leicester City|26|1989|26.8|2|21|7|33.3|0.78|0.26|0.10|0.29||0|0|Matches
14|Toby Alderweireld|be BEL|DF|Tottenham|27|1989|28.9|1|28|9|32.1|0.97|0.31|0.04|0.11||0|0|Matches
15|Trent Alexander-Arnold|eng ENG|DF|Liverpool|17|1998|1.9|0|3|2|66.7|1.62|1.08|0.00|0.00||0|0|Matches
16|Joe Allen|wls WAL|MF|Stoke City|26|1990|32.6|6|40|17|42.5|1.23|0.52|0.15|0.35||0|0|Matches
17|Dele Alli|eng ENG|"FW,MF"|Tottenham|20|1996|33.7|18|94|45|47.9|2.79|1.33|0.18|0.38||1|1|Matches
18|Ryan Allsop|eng ENG|GK|Bournemouth|24|1992|1.0|0|0|0||0.00|0.00||||0|0|Matches
19|Marcos Alonso|es ESP|"DF,MF"|Chelsea|25|1990|29.9|6|46|17|37.0|1.54|0.57|0.13|0.35||0|0|Matches
20|Daniel Amartey|gh GHA|"DF,MF"|Leicester City|21|1994|18.6|1|14|5|35.7|0.75|0.27|0.07|0.20||0|0|Matches
21|Jordi Amat|id IDN|DF|Swansea City|24|1992|15.7|0|7|3|42.9|0.45|0.19|0.00|0.00||0|0|Matches
22|Nordin Amrabat|ma MAR|"FW,MF"|Watford|29|1987|23.2|0|29|6|20.7|1.25|0.26|0.00|0.00||0|0|Matches
23|Victor Anichebe|ng NGA|FW|Sunderland|28|1988|13.5|3|30|9|30.0|2.21|0.66|0.10|0.33||0|0|Matches
24|Michail Antonio|jm JAM|"FW,MF"|West Ham|26|1990|27.0|9|77|23|29.9|2.85|0.85|0.12|0.39||0|0|Matches
25|Ikechi Anya|sct SCO|"FW,MF"|Watford|28|1988|0.1|0|0|0||0.00|0.00||||0|0|Matches
26|Álvaro Arbeloa|es ESP|DF|West Ham|33|1983|2.9|0|1|0|0.0|0.35|0.00|0.00|||0|0|Matches
27|Scott Arfield|ca CAN|MF|Burnley|27|1988|23.4|1|44|7|15.9|1.88|0.30|0.02|0.14||0|0|Matches
28|Marko Arnautović|at AUT|"FW,MF"|Stoke City|27|1989|30.2|6|60|19|31.7|1.99|0.63|0.10|0.32||0|1|Matches
29|Harry Arter|ie IRL|MF|Bournemouth|26|1989|32.9|1|54|11|20.4|1.64|0.33|0.02|0.09||0|1|Matches
30|Joel Asoro|se SWE|"FW,MF"|Sunderland|17|1999|0.1|0|0|0||0.00|0.00||||0|0|Matches
31|Charlie Austin|eng ENG|FW|Southampton|27|1989|10.4|6|37|17|45.9|3.57|1.64|0.11|0.24||2|2|Matches
32|Daniel Ayala|es ESP|DF|Middlesbrough|25|1990|10.2|1|10|4|40.0|0.98|0.39|0.10|0.25||0|0|Matches
33|André Ayew|gh GHA|"FW,MF"|West Ham|26|1989|16.0|6|34|13|38.2|2.13|0.81|0.18|0.46||0|0|Matches
34|Jordan Ayew|gh GHA|"FW,MF"|Swansea City|24|1991|9.6|1|12|6|50.0|1.25|0.62|0.08|0.17||0|0|Matches
35|César Azpilicueta|es ESP|"DF,MF"|Chelsea|26|1989|38.0|1|18|6|33.3|0.47|0.16|0.06|0.17||0|0|Matches
36|Eric Bailly|ci CIV|DF|Manchester Utd|22|1994|22.9|0|6|1|16.7|0.26|0.04|0.00|0.00||0|0|Matches
37|Leighton Baines|eng ENG|DF|Everton|31|1984|31.3|2|14|5|35.7|0.45|0.16|0.00|0.00||2|3|Matches
38|Patrick Bamford|eng ENG|"FW,MF"|Middlesbrough|22|1993|3.2|1|6|3|50.0|1.88|0.94|0.17|0.33||0|0|Matches
39|Patrick Bamford|eng ENG|"FW,MF"|Burnley|22|1993|0.4|0|1|0|0.0|2.31|0.00|0.00|||0|0|Matches
40|Phil Bardsley|sct SCO|DF|Stoke City|31|1985|13.0|0|11|2|18.2|0.85|0.15|0.00|0.00||0|0|Matches
41|Ross Barkley|eng ENG|MF|Everton|22|1993|32.2|5|89|30|33.7|2.76|0.93|0.06|0.17||0|0|Matches
42|Ashley Barnes|eng ENG|"FW,MF"|Burnley|26|1989|19.7|6|44|19|43.2|2.23|0.96|0.09|0.21||2|2|Matches
43|Antonio Barragán|es ESP|"DF,MF"|Middlesbrough|29|1987|24.4|0|3|0|0.0|0.12|0.00|0.00|||0|0|Matches
44|Modou Barrow|gm GAM|"FW,MF"|Swansea City|23|1992|12.7|0|15|3|20.0|1.18|0.24|0.00|0.00||0|0|Matches
45|Gareth Barry|eng ENG|MF|Everton|35|1981|23.4|2|17|7|41.2|0.73|0.30|0.12|0.29||0|0|Matches
46|Joey Barton|eng ENG|MF|Burnley|33|1982|12.3|1|12|3|25.0|0.98|0.24|0.08|0.33||0|0|Matches
47|Borja Bastón|es ESP|FW|Swansea City|23|1992|6.2|1|15|4|26.7|2.41|0.64|0.07|0.25||0|0|Matches
48|Michy Batshuayi|be BEL|FW|Chelsea|22|1993|2.8|5|17|8|47.1|6.02|2.83|0.29|0.63||0|0|Matches
49|Asmir Begović|ba BIH|GK|Chelsea|29|1987|2.0|0|0|0||0.00|0.00||||0|0|Matches
50|Valon Behrami|ch SUI|"DF,MF"|Watford|31|1985|22.6|0|6|0|0.0|0.27|0.00|0.00|||0|0|Matches
Rk|Player|Nation|Pos|Squad|Age|Born|90s|Gls|Sh|SoT|SoT%|Sh/90|SoT/90|G/Sh|G/SoT|Dist|PK|PKatt|Matches
51|Héctor Bellerín|es ESP|"DF,MF"|Arsenal|21|1995|27.8|1|22|5|22.7|0.79|0.18|0.05|0.20||0|0|Matches
52|Yohan Benalouane|tn TUN|DF|Leicester City|29|1987|10.2|0|4|1|25.0|0.39|0.10|0.00|0.00||0|0|Matches
53|Christian Benteke|be BEL|FW|Crystal Palace|25|1990|34.8|15|105|40|38.1|3.02|1.15|0.12|0.33||2|4|Matches
54|Jonathan Benteke|be BEL|FW|Crystal Palace|21|1995|0.1|0|1|0|0.0|12.86|0.00|0.00|||0|0|Matches
55|Saido Berahino|bi BDI|"FW,MF"|Stoke City|22|1993|8.0|0|13|7|53.8|1.62|0.87|0.00|0.00||0|0|Matches
56|Saido Berahino|bi BDI|"FW,MF"|West Brom|22|1993|2.7|0|6|2|33.3|2.22|0.74|0.00|0.00||0|0|Matches
57|Jóhann Berg Guðmundsson|is ISL|"FW,MF"|Burnley|25|1990|11.1|1|17|8|47.1|1.53|0.72|0.06|0.13||0|0|Matches
58|Ryan Bertrand|eng ENG|"DF,MF"|Southampton|26|1989|27.9|2|19|6|31.6|0.68|0.22|0.11|0.33||0|0|Matches
59|Mame Biram Diouf|sn SEN|"FW,MF"|Stoke City|28|1987|15.4|1|20|4|20.0|1.30|0.26|0.05|0.25||0|0|Matches
60|Daley Blind|nl NED|"DF,MF"|Manchester Utd|26|1990|20.3|1|9|2|22.2|0.44|0.10|0.11|0.50||0|0|Matches
61|Yannick Bolasie|cd COD|"FW,MF"|Crystal Palace|27|1989|0.3|0|0|0||0.00|0.00||||0|0|Matches
62|Yannick Bolasie|cd COD|"FW,MF"|Everton|27|1989|11.4|1|27|6|22.2|2.38|0.53|0.04|0.17||0|0|Matches
63|Wilfried Bony|ci CIV|FW|Stoke City|27|1988|7.6|2|21|5|23.8|2.76|0.66|0.10|0.40||0|0|Matches
64|Fabio Borini|it ITA|"FW,MF"|Sunderland|25|1991|19.3|2|33|14|42.4|1.71|0.72|0.06|0.14||0|0|Matches
65|Artur Boruc|pl POL|GK|Bournemouth|36|1980|35.0|0|0|0||0.00|0.00||||0|0|Matches
66|Sofiane Boufal|ma MAR|"FW,MF"|Southampton|22|1993|12.3|1|25|7|28.0|2.04|0.57|0.04|0.14||0|0|Matches
67|Jarrod Bowen|eng ENG|"FW,MF"|Hull City|19|1996|2.0|0|3|0|0.0|1.49|0.00|0.00|||0|0|Matches
68|George Boyd|sct SCO|"FW,MF"|Burnley|30|1985|31.5|2|34|7|20.6|1.08|0.22|0.06|0.29||0|0|Matches
69|Robbie Brady|ie IRL|"DF,FW"|Burnley|24|1992|8.0|1|19|3|15.8|2.38|0.38|0.05|0.33||0|0|Matches
70|Claudio Bravo|cl CHI|GK|Manchester City|33|1983|21.9|0|0|0||0.00|0.00||||0|0|Matches
71|Miguel Britos|uy URU|DF|Watford|31|1985|25.4|1|18|5|27.8|0.71|0.20|0.06|0.20||0|0|Matches
72|Leon Britton|eng ENG|MF|Swansea City|33|1982|12.9|0|1|0|0.0|0.08|0.00|0.00|||0|0|Matches
73|Chris Brunt|nir NIR|"DF,MF"|West Brom|31|1984|27.5|3|39|11|28.2|1.42|0.40|0.08|0.27||0|0|Matches
74|Jack Butland|eng ENG|GK|Stoke City|23|1993|5.0|0|0|0||0.00|0.00||||0|0|Matches
75|Sam Byram|eng ENG|"DF,MF"|West Ham|22|1993|13.9|0|8|0|0.0|0.58|0.00|0.00|||0|0|Matches
Rk|Player|Nation|Pos|Squad|Age|Born|90s|Gls|Sh|SoT|SoT%|Sh/90|SoT/90|G/Sh|G/SoT|Dist|PK|PKatt|Matches
76|Willy Caballero|ar ARG|GK|Manchester City|34|1981|16.1|0|0|0||0.00|0.00||||0|0|Matches
77|Yohan Cabaye|fr FRA|MF|Crystal Palace|30|1986|23.6|4|40|11|27.5|1.69|0.47|0.10|0.36||0|1|Matches
78|Martín Cáceres|uy URU|DF|Southampton|29|1987|1.0|0|1|0|0.0|1.00|0.00|0.00|||0|0|Matches
79|Gary Cahill|eng ENG|DF|Chelsea|30|1985|36.6|6|24|11|45.8|0.66|0.30|0.25|0.55||0|0|Matches
80|Jonathan Calleri|ar ARG|FW|West Ham|22|1993|6.0|1|16|3|18.8|2.67|0.50|0.06|0.33||0|0|Matches
81|Dominic Calvert-Lewin|eng ENG|"FW,MF"|Everton|19|1997|3.9|1|7|2|28.6|1.82|0.52|0.14|0.50||0|0|Matches
82|Geoff Cameron|us USA|"DF,MF"|Stoke City|31|1985|18.1|0|11|5|45.5|0.61|0.28|0.00|0.00||0|0|Matches
83|Fraizer Campbell|eng ENG|FW|Crystal Palace|28|1987|1.8|1|4|1|25.0|2.18|0.55|0.25|1.00||0|0|Matches
84|Emre Can|de GER|"DF,MF"|Liverpool|22|1994|26.3|5|45|11|24.4|1.71|0.42|0.11|0.45||0|0|Matches
85|Étienne Capoue|fr FRA|MF|Watford|28|1988|35.6|7|50|19|38.0|1.40|0.53|0.14|0.37||0|0|Matches
86|Baily Cargill|eng ENG|DF|Bournemouth|21|1995|0.1|0|0|0||0.00|0.00||||0|0|Matches
87|Michael Carrick|eng ENG|MF|Manchester Utd|35|1981|17.8|0|8|0|0.0|0.45|0.00|0.00|||0|0|Matches
88|Andy Carroll|eng ENG|FW|West Ham|27|1989|14.6|7|39|14|35.9|2.68|0.96|0.18|0.50||0|0|Matches
89|Tom Carroll|eng ENG|MF|Tottenham|24|1992|0.0|0|0|0||0.00|0.00||||0|0|Matches
90|Tom Carroll|eng ENG|MF|Swansea City|24|1992|15.4|1|9|3|33.3|0.58|0.19|0.11|0.33||0|0|Matches
91|Joel Castro Pereira|pt POR|GK|Manchester Utd|20|1996|1.0|0|0|0||0.00|0.00||||0|0|Matches
92|Craig Cathcart|nir NIR|DF|Watford|27|1989|12.9|0|3|1|33.3|0.23|0.08|0.00|0.00||0|0|Matches
93|Lee Cattermole|eng ENG|MF|Sunderland|28|1988|7.0|0|4|1|25.0|0.57|0.14|0.00|0.00||0|0|Matches
94|Santi Cazorla|es ESP|MF|Arsenal|31|1984|6.9|2|8|4|50.0|1.17|0.58|0.00|0.00||2|2|Matches
95|Petr Čech|cz CZE|GK|Arsenal|34|1982|34.4|0|0|0||0.00|0.00||||0|0|Matches
96|Nacer Chadli|be BEL|"FW,MF"|West Brom|26|1989|23.7|5|47|18|38.3|1.98|0.76|0.09|0.22||1|1|Matches
97|Nathaniel Chalobah|eng ENG|"DF,MF"|Chelsea|21|1994|1.9|0|1|1|100.0|0.54|0.54|0.00|0.00||0|0|Matches
98|Calum Chambers|eng ENG|"DF,MF"|Arsenal|21|1995|1.0|1|2|1|50.0|2.00|1.00|0.50|1.00||0|0|Matches
99|Calum Chambers|eng ENG|"DF,MF"|Middlesbrough|21|1995|24.0|1|6|2|33.3|0.25|0.08|0.17|0.50||0|0|Matches
100|Ben Chilwell|eng ENG|"DF,MF"|Leicester City|19|1996|7.8|1|7|2|28.6|0.90|0.26|0.14|0.50||0|0|Matches
Rk|Player|Nation|Pos|Squad|Age|Born|90s|Gls|Sh|SoT|SoT%|Sh/90|SoT/90|G/Sh|G/SoT|Dist|PK|PKatt|Matches
101|Lee Chung-yong|kr KOR|"FW,MF"|Crystal Palace|28|1988|5.2|0|4|2|50.0|0.76|0.38|0.00|0.00||0|0|Matches
102|Jordy Clasie|nl NED|MF|Southampton|25|1991|11.3|1|12|3|25.0|1.06|0.26|0.08|0.33||0|0|Matches
103|Adam Clayton|eng ENG|MF|Middlesbrough|27|1989|31.2|0|11|2|18.2|0.35|0.06|0.00|0.00||0|0|Matches
104|Tom Cleverley|eng ENG|MF|Watford|26|1989|16.0|0|9|3|33.3|0.56|0.19|0.00|0.00||0|0|Matches
105|Tom Cleverley|eng ENG|MF|Everton|26|1989|4.5|0|2|1|50.0|0.44|0.22|0.00|0.00||0|0|Matches
106|Gaël Clichy|fr FRA|DF|Manchester City|31|1985|23.6|1|2|1|50.0|0.08|0.04|0.50|1.00||0|0|Matches
107|Sam Clucas|eng ENG|MF|Hull City|25|1990|35.4|3|42|7|16.7|1.19|0.20|0.07|0.43||0|0|Matches
108|Nathaniel Clyne|eng ENG|DF|Liverpool|25|1991|36.9|0|26|4|15.4|0.70|0.11|0.00|0.00||0|0|Matches
109|Séamus Coleman|ie IRL|"DF,MF"|Everton|27|1988|25.7|4|18|8|44.4|0.70|0.31|0.22|0.50||0|0|Matches
110|James Collins|wls WAL|DF|West Ham|32|1983|18.4|2|11|4|36.4|0.60|0.22|0.18|0.50||0|0|Matches
111|Lewis Cook|eng ENG|MF|Bournemouth|19|1997|4.8|0|5|2|40.0|1.04|0.42|0.00|0.00||0|0|Matches
112|Steve Cook|eng ENG|"DF,MF"|Bournemouth|25|1991|38.0|2|27|9|33.3|0.71|0.24|0.07|0.22||0|0|Matches
113|Francis Coquelin|fr FRA|"DF,MF"|Arsenal|25|1991|19.8|0|14|3|21.4|0.71|0.15|0.00|0.00||0|0|Matches
114|Jack Cork|eng ENG|"DF,MF"|Swansea City|27|1989|24.8|0|18|5|27.8|0.73|0.20|0.00|0.00||0|0|Matches
115|Diego Costa|es ESP|FW|Chelsea|27|1988|34.2|20|111|41|36.9|3.24|1.20|0.18|0.49||0|1|Matches
116|Thibaut Courtois|be BEL|GK|Chelsea|24|1992|36.0|0|0|0||0.00|0.00||||0|0|Matches
117|Philippe Coutinho|br BRA|"FW,MF"|Liverpool|24|1992|24.7|13|106|39|36.8|4.28|1.58|0.12|0.33||0|0|Matches
118|Aaron Cresswell|eng ENG|"DF,MF"|West Ham|26|1989|23.5|0|11|2|18.2|0.47|0.09|0.00|0.00||0|0|Matches
119|Peter Crouch|eng ENG|FW|Stoke City|35|1981|14.9|7|37|16|43.2|2.48|1.07|0.19|0.44||0|0|Matches
120|Charlie Daniels|eng ENG|"DF,MF"|Bournemouth|29|1986|34.0|4|19|6|31.6|0.56|0.18|0.21|0.67||0|0|Matches
121|Scott Dann|eng ENG|DF|Crystal Palace|29|1987|19.4|3|21|10|47.6|1.08|0.52|0.14|0.30||0|0|Matches
122|Matteo Darmian|it ITA|"DF,MF"|Manchester Utd|26|1989|14.8|0|2|0|0.0|0.14|0.00|0.00|||0|0|Matches
123|Ben Davies|wls WAL|"DF,MF"|Tottenham|23|1993|19.3|1|14|4|28.6|0.72|0.21|0.07|0.25||0|0|Matches
124|Curtis Davies|sl SLE|DF|Hull City|31|1985|23.7|0|10|2|20.0|0.42|0.08|0.00|0.00||0|0|Matches
125|Tom Davies|eng ENG|MF|Everton|18|1998|17.2|2|14|5|35.7|0.82|0.29|0.14|0.40||0|0|Matches
Rk|Player|Nation|Pos|Squad|Age|Born|90s|Gls|Sh|SoT|SoT%|Sh/90|SoT/90|G/Sh|G/SoT|Dist|PK|PKatt|Matches
126|Steven Davis|nir NIR|MF|Southampton|31|1985|29.4|0|31|5|16.1|1.06|0.17|0.00|0.00||0|0|Matches
127|Craig Dawson|eng ENG|DF|West Brom|26|1990|36.4|4|21|8|38.1|0.58|0.22|0.19|0.50||0|0|Matches
128|Michael Dawson|eng ENG|DF|Hull City|32|1983|19.1|3|12|8|66.7|0.63|0.42|0.25|0.38||0|0|Matches
129|Kevin De Bruyne|be BEL|"FW,MF"|Manchester City|25|1991|32.0|6|86|19|22.1|2.69|0.59|0.07|0.32||0|1|Matches
130|Mathieu Debuchy|fr FRA|DF|Arsenal|31|1985|0.2|0|0|0||0.00|0.00||||0|0|Matches
131|Troy Deeney|eng ENG|FW|Watford|28|1988|32.7|10|44|18|40.9|1.35|0.55|0.16|0.39||3|3|Matches
132|Jermain Defoe|eng ENG|FW|Sunderland|33|1982|36.9|15|99|31|31.3|2.68|0.84|0.10|0.32||5|5|Matches
133|Steven Defour|be BEL|MF|Burnley|28|1988|11.9|1|8|6|75.0|0.67|0.51|0.13|0.17||0|0|Matches
134|Damien Delaney|ie IRL|DF|Crystal Palace|35|1981|22.4|0|5|1|20.0|0.22|0.04|0.00|0.00||0|0|Matches
135|Fabian Delph|eng ENG|"DF,MF"|Manchester City|26|1989|2.5|1|6|2|33.3|2.41|0.80|0.17|0.50||0|0|Matches
136|Mousa Dembélé|be BEL|MF|Tottenham|29|1987|22.8|1|15|3|20.0|0.66|0.13|0.07|0.33||0|0|Matches
137|Jason Denayer|be BEL|DF|Sunderland|21|1995|20.9|0|6|2|33.3|0.29|0.10|0.00|0.00||0|0|Matches
138|Mike van der Hoorn|nl NED|DF|Swansea City|23|1992|7.4|1|4|2|50.0|0.54|0.27|0.25|0.50||0|0|Matches
139|Gerard Deulofeu|es ESP|"FW,MF"|Everton|22|1994|5.1|0|7|3|42.9|1.37|0.59|0.00|0.00||0|0|Matches
140|Eric Dier|eng ENG|"DF,MF"|Tottenham|22|1994|33.8|2|23|7|30.4|0.68|0.21|0.09|0.29||0|0|Matches
141|Adama Diomande|no NOR|FW|Hull City|26|1990|13.0|2|23|6|26.1|1.77|0.46|0.09|0.33||0|0|Matches
142|Papy Djilobodji|sn SEN|DF|Sunderland|27|1988|17.5|0|8|2|25.0|0.46|0.11|0.00|0.00||0|0|Matches
143|Abdoulaye Doucouré|ml MLI|"FW,MF"|Watford|23|1993|15.1|1|23|9|39.1|1.52|0.60|0.04|0.11||0|0|Matches
144|Stewart Downing|eng ENG|"FW,MF"|Middlesbrough|32|1984|24.6|1|29|5|17.2|1.18|0.20|0.03|0.20||0|0|Matches
145|Danny Drinkwater|eng ENG|MF|Leicester City|26|1990|27.4|1|31|3|9.7|1.13|0.11|0.03|0.33||0|0|Matches
146|Nathan Dyer|eng ENG|"FW,MF"|Swansea City|28|1987|2.4|0|3|1|33.3|1.26|0.42|0.00|0.00||0|0|Matches
147|Ovie Ejaria|eng ENG|"FW,MF"|Liverpool|18|1997|0.1|0|0|0||0.00|0.00||||0|0|Matches
148|Omar Elabdellaoui|no NOR|"DF,MF"|Hull City|24|1991|6.8|0|0|0||0.00|0.00||||0|0|Matches
149|Andrew Eleftheriou|eng ENG|DF|Watford|18|1997|0.6|0|0|0||0.00|0.00||||0|0|Matches
150|Ahmed Elmohamady|eg EGY|"DF,MF"|Hull City|28|1987|28.0|0|9|2|22.2|0.32|0.07|0.00|0.00||0|0|Matches
Rk|Player|Nation|Pos|Squad|Age|Born|90s|Gls|Sh|SoT|SoT%|Sh/90|SoT/90|G/Sh|G/SoT|Dist|PK|PKatt|Matches
151|Mohamed Elneny|eg EGY|MF|Arsenal|24|1992|7.7|0|15|2|13.3|1.95|0.26|0.00|0.00||0|0|Matches
152|Christian Eriksen|dk DEN|"FW,MF"|Tottenham|24|1992|35.1|8|133|45|33.8|3.79|1.28|0.06|0.18||0|0|Matches
153|Bernardo Espinosa|co COL|DF|Middlesbrough|27|1989|10.8|0|2|1|50.0|0.18|0.09|0.00|0.00||0|0|Matches
154|Jonny Evans|nir NIR|DF|West Brom|28|1988|29.3|2|9|5|55.6|0.31|0.17|0.22|0.40||0|0|Matches
155|Łukasz Fabiański|pl POL|GK|Swansea City|31|1985|37.0|0|0|0||0.00|0.00||||0|0|Matches
156|Fábio|br BRA|DF|Middlesbrough|26|1990|20.5|0|5|2|40.0|0.24|0.10|0.00|0.00||0|0|Matches
157|Cesc Fàbregas|es ESP|"FW,MF"|Chelsea|29|1987|14.9|5|26|9|34.6|1.75|0.60|0.19|0.56||0|0|Matches
158|Adam Federici|au AUS|GK|Bournemouth|31|1985|2.0|0|0|0||0.00|0.00||||0|0|Matches
159|Sofiane Feghouli|dz ALG|"FW,MF"|West Ham|26|1989|11.6|3|20|7|35.0|1.73|0.61|0.15|0.43||0|0|Matches
160|Marouane Fellaini|be BEL|MF|Manchester Utd|28|1987|17.8|1|23|7|30.4|1.29|0.39|0.04|0.14||0|0|Matches
161|Leroy Fer|nl NED|MF|Swansea City|26|1990|26.7|6|36|11|30.6|1.35|0.41|0.17|0.55||0|0|Matches
162|Edimilson Fernandes|ch SUI|"DF,MF"|West Ham|20|1996|11.1|0|20|4|20.0|1.80|0.36|0.00|0.00||0|0|Matches
163|Federico Fernández|ar ARG|DF|Swansea City|27|1989|27.0|0|15|2|13.3|0.56|0.07|0.00|0.00||0|0|Matches
164|Fernandinho|br BRA|"DF,MF"|Manchester City|31|1985|30.6|2|36|11|30.6|1.18|0.36|0.06|0.18||0|0|Matches
165|Fernando|br BRA|"DF,MF"|Manchester City|29|1987|6.3|0|2|0|0.0|0.32|0.00|0.00|||0|0|Matches
166|Sam Field|eng ENG|MF|West Brom|18|1998|3.1|0|1|0|0.0|0.33|0.00|0.00|||0|0|Matches
167|Roberto Firmino|br BRA|"FW,MF"|Liverpool|24|1991|34.0|11|101|45|44.6|2.97|1.32|0.11|0.24||0|0|Matches
168|Viktor Fischer|dk DEN|"FW,MF"|Middlesbrough|22|1994|4.9|0|12|2|16.7|2.47|0.41|0.00|0.00||0|0|Matches
169|Mathieu Flamini|fr FRA|MF|Crystal Palace|32|1984|3.0|0|1|1|100.0|0.33|0.33|0.00|0.00||0|0|Matches
170|Jon Flanagan|eng ENG|DF|Burnley|23|1993|4.0|0|0|0||0.00|0.00||||0|0|Matches
171|Ashley Fletcher|eng ENG|FW|West Ham|20|1995|4.1|0|9|5|55.6|2.21|1.23|0.00|0.00||0|0|Matches
172|Darren Fletcher|sct SCO|MF|West Brom|32|1984|35.9|2|20|7|35.0|0.56|0.19|0.10|0.29||0|0|Matches
173|Michael Folivi|eng ENG|FW|Watford|18|1998|0.1|0|0|0||0.00|0.00||||0|0|Matches
174|José Fonte|pt POR|DF|Southampton|32|1983|17.0|0|10|1|10.0|0.59|0.06|0.00|0.00||0|0|Matches
175|José Fonte|pt POR|DF|West Ham|32|1983|15.6|0|6|2|33.3|0.38|0.13|0.00|0.00||0|0|Matches
Rk|Player|Nation|Pos|Squad|Age|Born|90s|Gls|Sh|SoT|SoT%|Sh/90|SoT/90|G/Sh|G/SoT|Dist|PK|PKatt|Matches
176|Adam Forshaw|eng ENG|MF|Middlesbrough|24|1991|29.9|0|28|6|21.4|0.94|0.20|0.00|0.00||0|0|Matches
177|Fraser Forster|eng ENG|GK|Southampton|28|1988|38.0|0|0|0||0.00|0.00||||0|0|Matches
178|Ben Foster|eng ENG|GK|West Brom|33|1983|38.0|0|1|0|0.0|0.03|0.00|0.00|||0|0|Matches
179|Timothy Fosu-Mensah|nl NED|DF|Manchester Utd|18|1998|1.1|0|1|0|0.0|0.93|0.00|0.00|||0|0|Matches
180|Simon Francis|eng ENG|DF|Bournemouth|31|1985|32.7|0|7|0|0.0|0.21|0.00|0.00|||0|0|Matches
181|Ryan Fraser|sct SCO|"FW,MF"|Bournemouth|22|1994|19.6|3|24|12|50.0|1.22|0.61|0.13|0.25||0|0|Matches
182|George Friend|eng ENG|"DF,MF"|Middlesbrough|28|1987|21.8|0|15|1|6.7|0.69|0.05|0.00|0.00||0|0|Matches
183|Zeki Fryers|eng ENG|DF|Crystal Palace|23|1992|2.1|0|0|0||0.00|0.00||||0|0|Matches
184|Christian Fuchs|at AUT|"DF,MF"|Leicester City|30|1986|34.5|2|21|6|28.6|0.61|0.17|0.10|0.33||0|0|Matches
185|Jay Fulton|sct SCO|MF|Swansea City|22|1994|7.7|0|3|0|0.0|0.39|0.00|0.00|||0|0|Matches
186|Ramiro Funes Mori|ar ARG|DF|Everton|25|1991|17.1|0|12|2|16.7|0.70|0.12|0.00|0.00||0|0|Matches
187|Manolo Gabbiadini|it ITA|FW|Southampton|24|1991|8.0|4|29|11|37.9|3.60|1.37|0.14|0.36||0|1|Matches
188|Brendan Galloway|zw ZIM|DF|West Brom|20|1996|2.7|0|2|0|0.0|0.73|0.00|0.00|||0|0|Matches
189|Idrissa Gana Gueye|sn SEN|MF|Everton|26|1989|29.8|1|25|6|24.0|0.84|0.20|0.04|0.17||0|0|Matches
190|Aleix García|es ESP|MF|Manchester City|19|1997|0.9|0|0|0||0.00|0.00||||0|0|Matches
191|Craig Gardner|eng ENG|MF|West Brom|29|1986|2.4|0|2|2|100.0|0.83|0.83|0.00|0.00||0|0|Matches
192|David de Gea|es ESP|GK|Manchester Utd|25|1990|35.0|0|0|0||0.00|0.00||||0|0|Matches
193|Rudy Gestede|bj BEN|FW|Middlesbrough|27|1988|5.9|1|15|5|33.3|2.53|0.84|0.07|0.20||0|0|Matches
194|Kieran Gibbs|eng ENG|"DF,MF"|Arsenal|26|1989|7.8|0|5|1|20.0|0.64|0.13|0.00|0.00||0|0|Matches
195|Ben Gibson|eng ENG|DF|Middlesbrough|23|1993|38.0|1|14|6|42.9|0.37|0.16|0.07|0.17||0|0|Matches
196|Darron Gibson|ie IRL|MF|Sunderland|28|1987|7.1|0|6|0|0.0|0.84|0.00|0.00|||0|0|Matches
197|Olivier Giroud|fr FRA|FW|Arsenal|29|1986|13.4|12|40|20|50.0|2.99|1.49|0.30|0.60||0|0|Matches
198|Shay Given|ie IRL|GK|Stoke City|40|1976|5.0|0|0|0||0.00|0.00||||0|0|Matches
199|Evandro Goebel|br BRA|MF|Hull City|29|1986|6.4|0|3|0|0.0|0.47|0.00|0.00|||0|0|Matches
200|Angel Gomes|eng ENG|"FW,MF"|Manchester Utd|15|2000|0.0|0|0|0||0.00|0.00||||0|0|Matches
Rk|Player|Nation|Pos|Squad|Age|Born|90s|Gls|Sh|SoT|SoT%|Sh/90|SoT/90|G/Sh|G/SoT|Dist|PK|PKatt|Matches
201|Heurelho Gomes|br BRA|GK|Watford|35|1981|37.1|0|0|0||0.00|0.00||||0|0|Matches
202|Lynden Gooch|us USA|"DF,FW"|Sunderland|20|1995|4.1|0|3|0|0.0|0.74|0.00|0.00|||0|0|Matches
203|Dan Gosling|eng ENG|"DF,MF"|Bournemouth|26|1990|15.2|2|16|4|25.0|1.05|0.26|0.13|0.50||0|0|Matches
204|Lewis Grabban|eng ENG|"FW,MF"|Bournemouth|28|1988|0.7|0|1|1|100.0|1.50|1.50|0.00|0.00||0|0|Matches
205|Max Gradel|ci CIV|"FW,MF"|Bournemouth|28|1987|1.5|0|5|2|40.0|3.36|1.34|0.00|0.00||0|0|Matches
206|Lee Grant|eng ENG|GK|Stoke City|33|1983|28.0|0|0|0||0.00|0.00||||0|0|Matches
207|Andre Gray|jm JAM|FW|Burnley|25|1991|25.1|9|47|19|40.4|1.87|0.76|0.15|0.37||2|2|Matches
208|Demarai Gray|jm JAM|"FW,MF"|Leicester City|20|1996|11.7|1|27|8|29.6|2.32|0.69|0.04|0.13||0|0|Matches
209|Kamil Grosicki|pl POL|"FW,MF"|Hull City|28|1988|12.7|0|29|7|24.1|2.28|0.55|0.00|0.00||0|0|Matches
210|Marko Grujić|rs SRB|MF|Liverpool|20|1996|0.5|0|4|2|50.0|8.37|4.19|0.00|0.00||0|0|Matches
211|Adlène Guedioura|dz ALG|MF|Watford|30|1985|8.0|0|13|3|23.1|1.62|0.37|0.00|0.00||0|0|Matches
212|Adlène Guedioura|dz ALG|MF|Middlesbrough|30|1985|1.6|0|6|1|16.7|3.86|0.64|0.00|0.00||0|0|Matches
213|İlkay Gündoğan|de GER|MF|Manchester City|25|1990|7.8|3|16|4|25.0|2.05|0.51|0.19|0.75||0|0|Matches
214|Brad Guzan|us USA|GK|Middlesbrough|31|1984|10.0|0|0|0||0.00|0.00||||0|0|Matches
215|Josh Harrop|eng ENG|MF|Manchester Utd|20|1995|1.0|1|2|1|50.0|2.00|1.00|0.50|1.00||0|0|Matches
216|Eden Hazard|be BEL|"FW,MF"|Chelsea|25|1991|33.1|16|77|32|41.6|2.32|0.97|0.18|0.44||2|3|Matches
217|Tom Heaton|eng ENG|GK|Burnley|30|1986|35.0|0|0|0||0.00|0.00||||0|0|Matches
218|Jordan Henderson|eng ENG|MF|Liverpool|26|1990|23.5|1|17|4|23.5|0.72|0.17|0.06|0.25||0|0|Matches
219|Jeff Hendrick|ie IRL|"FW,MF"|Burnley|24|1992|29.9|2|31|6|19.4|1.04|0.20|0.06|0.33||0|0|Matches
220|Wayne Hennessey|wls WAL|GK|Crystal Palace|29|1987|29.0|0|0|0||0.00|0.00||||0|0|Matches
221|Markus Henriksen|no NOR|"DF,MF"|Hull City|24|1992|7.1|0|3|0|0.0|0.42|0.00|0.00|||0|0|Matches
222|Abel Hernández|uy URU|FW|Hull City|25|1990|15.8|4|39|18|46.2|2.46|1.14|0.10|0.22||0|0|Matches
223|Luis Hernández|es ESP|DF|Leicester City|27|1989|3.6|0|0|0||0.00|0.00||||0|0|Matches
224|Ander Herrera|es ESP|MF|Manchester Utd|26|1989|27.4|1|38|5|13.2|1.39|0.18|0.03|0.20||0|0|Matches
225|Son Heung-min|kr KOR|"FW,MF"|Tottenham|24|1992|22.9|14|80|33|41.3|3.49|1.44|0.18|0.42||0|0|Matches
Rk|Player|Nation|Pos|Squad|Age|Born|90s|Gls|Sh|SoT|SoT%|Sh/90|SoT/90|G/Sh|G/SoT|Dist|PK|PKatt|Matches
226|Rob Holding|eng ENG|DF|Arsenal|20|1995|9.0|0|6|2|33.3|0.67|0.22|0.00|0.00||0|0|Matches
227|José Holebas|gr GRE|"DF,MF"|Watford|32|1984|32.3|2|28|7|25.0|0.87|0.22|0.07|0.29||0|0|Matches
228|Mason Holgate|eng ENG|DF|Everton|19|1996|15.2|0|6|3|50.0|0.39|0.20|0.00|0.00||0|0|Matches
229|George Honeyman|eng ENG|"FW,MF"|Sunderland|21|1994|2.6|0|2|1|50.0|0.77|0.38|0.00|0.00||0|0|Matches
230|Tom Huddlestone|eng ENG|MF|Hull City|29|1986|22.5|1|21|8|38.1|0.93|0.36|0.00|0.00||1|1|Matches
231|James Husband|eng ENG|DF|Middlesbrough|22|1994|0.6|0|0|0||0.00|0.00||||0|0|Matches
232|Robert Huth|de GER|DF|Leicester City|31|1984|32.5|2|26|8|30.8|0.80|0.25|0.08|0.25||0|0|Matches
233|Pierre Højbjerg|dk DEN|MF|Southampton|20|1995|14.5|0|28|4|14.3|1.94|0.28|0.00|0.00||0|0|Matches
234|Jordon Ibe|eng ENG|"FW,MF"|Bournemouth|20|1995|11.7|0|15|1|6.7|1.28|0.09|0.00|0.00||0|0|Matches
235|Didier Ibrahim Ndong|ga GAB|"DF,MF"|Sunderland|22|1994|28.0|1|16|5|31.3|0.57|0.18|0.06|0.20||0|0|Matches
236|Zlatan Ibrahimović|se SWE|FW|Manchester Utd|34|1981|27.1|17|116|45|38.8|4.28|1.66|0.13|0.33||2|3|Matches
237|Odion Ighalo|ng NGA|FW|Watford|27|1989|14.3|1|37|10|27.0|2.58|0.70|0.03|0.10||0|0|Matches
238|Kelechi Iheanacho|ng NGA|"FW,MF"|Manchester City|19|1996|6.0|4|22|7|31.8|3.69|1.17|0.18|0.57||0|0|Matches
239|Giannelli Imbula|cd COD|MF|Stoke City|23|1992|8.8|0|9|0|0.0|1.02|0.00|0.00|||0|0|Matches
240|Branislav Ivanović|rs SRB|DF|Chelsea|32|1984|6.5|0|8|2|25.0|1.22|0.31|0.00|0.00||0|0|Matches
241|Alex Iwobi|ng NGA|"FW,MF"|Arsenal|20|1996|16.2|3|39|11|28.2|2.41|0.68|0.08|0.27||0|0|Matches
242|Phil Jagielka|eng ENG|"DF,MF"|Everton|33|1982|25.0|3|14|6|42.9|0.56|0.24|0.21|0.50||0|0|Matches
243|Eldin Jakupović|ch SUI|GK|Hull City|31|1984|22.0|0|0|0||0.00|0.00||||0|0|Matches
244|Matty James|eng ENG|MF|Leicester City|25|1991|0.0|0|0|0||0.00|0.00||||0|0|Matches
245|Daryl Janmaat|nl NED|DF|Watford|27|1989|18.0|2|26|8|30.8|1.45|0.45|0.08|0.25||0|0|Matches
246|Vincent Janssen|nl NED|FW|Tottenham|22|1994|9.4|2|30|14|46.7|3.20|1.49|0.03|0.07||1|1|Matches
247|Adnan Januzaj|be BEL|"FW,MF"|Sunderland|21|1995|18.1|0|27|7|25.9|1.49|0.39|0.00|0.00||0|0|Matches
248|Mile Jedinak|au AUS|MF|Crystal Palace|31|1984|1.0|0|0|0||0.00|0.00||||0|0|Matches
249|Carl Jenkinson|eng ENG|DF|Arsenal|24|1992|0.9|0|0|0||0.00|0.00||||0|0|Matches
250|Gabriel Jesus|br BRA|"FW,MF"|Manchester City|19|1997|7.2|7|24|13|54.2|3.32|1.80|0.25|0.46||1|1|Matches
Rk|Player|Nation|Pos|Squad|Age|Born|90s|Gls|Sh|SoT|SoT%|Sh/90|SoT/90|G/Sh|G/SoT|Dist|PK|PKatt|Matches
251|Glen Johnson|eng ENG|DF|Stoke City|31|1984|21.7|0|8|3|37.5|0.37|0.14|0.00|0.00||0|0|Matches
252|Billy Jones|eng ENG|DF|Sunderland|29|1987|25.2|1|15|4|26.7|0.59|0.16|0.07|0.25||0|0|Matches
253|David Jones|eng ENG|MF|Burnley|31|1984|1.0|0|0|0||0.00|0.00||||0|0|Matches
254|Phil Jones|eng ENG|"DF,MF"|Manchester Utd|24|1992|17.6|0|3|1|33.3|0.17|0.06|0.00|0.00||0|0|Matches
255|Lukas Jutkiewicz|eng ENG|FW|Burnley|27|1989|0.1|0|0|0||0.00|0.00||||0|0|Matches
256|Christian Kabasele|be BEL|DF|Watford|25|1991|8.6|2|6|2|33.3|0.70|0.23|0.33|1.00||0|0|Matches
257|Younès Kaboul|fr FRA|DF|Watford|30|1986|20.2|2|12|4|33.3|0.59|0.20|0.17|0.50||0|0|Matches
258|Younès Kaboul|fr FRA|DF|Sunderland|30|1986|1.0|0|0|0||0.00|0.00||||0|0|Matches
259|Sullay Kaikai|sl SLE|"FW,MF"|Crystal Palace|20|1995|0.3|0|0|0||0.00|0.00||||0|0|Matches
260|Harry Kane|eng ENG|FW|Tottenham|23|1993|28.0|29|110|58|52.7|3.93|2.07|0.22|0.41||5|6|Matches
261|N'Golo Kanté|fr FRA|MF|Chelsea|25|1991|34.9|1|27|7|25.9|0.77|0.20|0.04|0.14||0|0|Matches
262|Loris Karius|de GER|GK|Liverpool|23|1993|10.0|0|0|0||0.00|0.00||||0|0|Matches
263|Michael Keane|eng ENG|DF|Burnley|23|1993|35.0|2|23|7|30.4|0.66|0.20|0.09|0.29||0|0|Matches
264|Will Keane|ie IRL|"FW,MF"|Hull City|23|1993|3.1|0|4|0|0.0|1.29|0.00|0.00|||0|0|Matches
265|Martin Kelly|eng ENG|"DF,MF"|Crystal Palace|26|1990|23.6|0|3|0|0.0|0.13|0.00|0.00|||0|0|Matches
266|Kenedy|br BRA|"FW,MF"|Watford|20|1996|0.2|0|0|0||0.00|0.00||||0|0|Matches
267|Kenedy|br BRA|"FW,MF"|Chelsea|20|1996|0.8|0|3|0|0.0|3.65|0.00|0.00|||0|0|Matches
268|Jonjoe Kenny|eng ENG|"DF,FW"|Everton|19|1997|0.1|0|0|0||0.00|0.00||||0|0|Matches
269|Wahbi Khazri|tn TUN|"FW,MF"|Sunderland|25|1991|9.4|1|23|10|43.5|2.44|1.06|0.04|0.10||0|0|Matches
270|Michael Kightly|eng ENG|"FW,MF"|Burnley|30|1986|1.2|0|1|1|100.0|0.87|0.87|0.00|0.00||0|0|Matches
271|Andy King|wls WAL|MF|Leicester City|27|1988|16.1|1|14|7|50.0|0.87|0.44|0.07|0.14||0|0|Matches
272|Joshua King|no NOR|"FW,MF"|Bournemouth|24|1992|30.1|16|68|31|45.6|2.26|1.03|0.21|0.45||2|3|Matches
273|Stephen Kingsley|sct SCO|DF|Swansea City|22|1994|11.5|0|4|1|25.0|0.35|0.09|0.00|0.00||0|0|Matches
274|Jan Kirchhoff|de GER|"DF,MF"|Sunderland|25|1990|4.8|0|3|1|33.3|0.62|0.21|0.00|0.00||0|0|Matches
275|Ragnar Klavan|ee EST|DF|Liverpool|30|1985|15.7|0|4|2|50.0|0.26|0.13|0.00|0.00||0|0|Matches
Rk|Player|Nation|Pos|Squad|Age|Born|90s|Gls|Sh|SoT|SoT%|Sh/90|SoT/90|G/Sh|G/SoT|Dist|PK|PKatt|Matches
276|Aleksandar Kolarov|rs SRB|DF|Manchester City|30|1985|28.2|1|32|10|31.3|1.14|0.36|0.03|0.10||0|0|Matches
277|Vincent Kompany|be BEL|DF|Manchester City|30|1986|9.1|3|9|3|33.3|0.99|0.33|0.33|1.00||0|0|Matches
278|Arouna Koné|ci CIV|FW|Everton|32|1983|0.8|0|3|2|66.7|3.86|2.57|0.00|0.00||0|0|Matches
279|Lamine Koné|ci CIV|DF|Sunderland|27|1989|28.3|1|18|6|33.3|0.64|0.21|0.06|0.17||0|0|Matches
280|Laurent Koscielny|fr FRA|DF|Arsenal|30|1985|31.4|2|9|4|44.4|0.29|0.13|0.22|0.50||0|0|Matches
281|Cheikhou Kouyaté|sn SEN|"DF,MF"|West Ham|26|1989|30.3|1|21|4|19.0|0.69|0.13|0.05|0.25||0|0|Matches
282|Bojan Krkić|es ESP|"FW,MF"|Stoke City|25|1990|5.3|3|10|4|40.0|1.89|0.76|0.10|0.25||2|3|Matches
283|Adam Lallana|eng ENG|"FW,MF"|Liverpool|28|1988|26.0|8|50|19|38.0|1.93|0.73|0.16|0.42||0|0|Matches
284|Rickie Lambert|eng ENG|FW|West Brom|34|1982|0.1|0|2|0|0.0|13.85|0.00|0.00|||0|0|Matches
285|Érik Lamela|ar ARG|"FW,MF"|Tottenham|24|1992|6.6|1|18|6|33.3|2.73|0.91|0.06|0.17||0|1|Matches
286|Manuel Lanzini|ar ARG|"FW,MF"|West Ham|23|1993|30.1|8|69|21|30.4|2.29|0.70|0.09|0.29||2|2|Matches
287|Sebastian Larsson|se SWE|MF|Sunderland|31|1985|16.3|0|16|3|18.8|0.98|0.18|0.00|0.00||0|0|Matches
288|Grant Leadbitter|eng ENG|MF|Middlesbrough|30|1986|7.9|1|13|3|23.1|1.65|0.38|0.08|0.33||0|0|Matches
289|Joe Ledley|wls WAL|MF|Crystal Palace|29|1987|12.9|1|3|1|33.3|0.23|0.08|0.33|1.00||0|0|Matches
290|Lucas Leiva|br BRA|MF|Liverpool|29|1987|12.4|0|8|1|12.5|0.65|0.08|0.00|0.00||0|0|Matches
291|Jonathan Leko|eng ENG|"FW,MF"|West Brom|17|1999|2.0|0|0|0||0.00|0.00||||0|0|Matches
292|Aaron Lennon|eng ENG|"FW,MF"|Everton|29|1987|5.7|0|5|0|0.0|0.88|0.00|0.00|||0|0|Matches
293|Jeremain Lens|nl NED|"FW,MF"|Sunderland|28|1987|0.8|0|3|0|0.0|3.91|0.00|0.00|||0|0|Matches
294|Joleon Lescott|eng ENG|DF|Sunderland|33|1982|1.4|0|0|0||0.00|0.00||||0|0|Matches
295|Filip Lesniak|sk SVK|MF|Tottenham|20|1996|0.1|0|0|0||0.00|0.00||||0|0|Matches
296|Jesse Lingard|eng ENG|"FW,MF"|Manchester Utd|23|1992|15.1|1|37|13|35.1|2.45|0.86|0.03|0.08||0|0|Matches
297|Jake Livermore|eng ENG|MF|West Brom|26|1989|14.5|0|12|0|0.0|0.83|0.00|0.00|||0|0|Matches
298|Jake Livermore|eng ENG|MF|Hull City|26|1989|18.6|1|22|8|36.4|1.19|0.43|0.05|0.13||0|0|Matches
299|Fernando Llorente|es ESP|FW|Swansea City|31|1985|27.1|15|50|26|52.0|1.84|0.96|0.30|0.58||0|0|Matches
300|Hugo Lloris|fr FRA|GK|Tottenham|29|1986|33.4|0|0|0||0.00|0.00||||0|0|Matches
Rk|Player|Nation|Pos|Squad|Age|Born|90s|Gls|Sh|SoT|SoT%|Sh/90|SoT/90|G/Sh|G/SoT|Dist|PK|PKatt|Matches
301|Ruben Loftus-Cheek|eng ENG|MF|Chelsea|20|1996|0.4|0|1|1|100.0|2.57|2.57|0.00|0.00||0|0|Matches
302|Kevin Long|ie IRL|DF|Burnley|25|1990|3.0|0|1|0|0.0|0.33|0.00|0.00|||0|0|Matches
303|Shane Long|ie IRL|FW|Southampton|29|1987|14.0|3|41|15|36.6|2.93|1.07|0.07|0.20||0|1|Matches
304|Ademola Lookman|ng NGA|"FW,MF"|Everton|18|1997|3.2|1|16|6|37.5|4.98|1.87|0.06|0.17||0|0|Matches
305|Donald Love|sct SCO|"DF,MF"|Sunderland|21|1994|6.8|0|2|1|50.0|0.29|0.15|0.00|0.00||0|0|Matches
306|Dejan Lovren|hr CRO|DF|Liverpool|27|1989|28.4|2|15|5|33.3|0.53|0.18|0.13|0.40||0|0|Matches
307|Matthew Lowton|eng ENG|DF|Burnley|27|1989|36.0|0|6|2|33.3|0.17|0.06|0.00|0.00||0|0|Matches
308|David Luiz|br BRA|"DF,MF"|Chelsea|29|1987|32.8|1|32|10|31.3|0.97|0.30|0.03|0.10||0|0|Matches
309|Romelu Lukaku|be BEL|FW|Everton|23|1993|36.3|25|110|55|50.0|3.03|1.52|0.22|0.44||1|1|Matches
310|Harry Maguire|eng ENG|DF|Hull City|23|1993|25.6|2|33|10|30.3|1.29|0.39|0.06|0.20||0|0|Matches
311|Riyad Mahrez|dz ALG|"FW,MF"|Leicester City|25|1991|31.4|6|76|29|38.2|2.42|0.92|0.04|0.10||3|5|Matches
312|Ainsley Maitland-Niles|eng ENG|"DF,FW"|Arsenal|18|1997|0.0|0|0|0||0.00|0.00||||0|0|Matches
313|Shaun Maloney|sct SCO|"FW,MF"|Hull City|33|1983|3.1|1|3|1|33.3|0.95|0.32|0.33|1.00||0|0|Matches
314|Steve Mandanda|fr FRA|GK|Crystal Palace|31|1985|9.0|0|0|0||0.00|0.00||||0|0|Matches
315|Sadio Mané|sn SEN|"FW,MF"|Liverpool|24|1992|24.8|13|57|25|43.9|2.30|1.01|0.23|0.52||0|0|Matches
316|Vito Mannone|it ITA|GK|Sunderland|28|1988|9.0|0|0|0||0.00|0.00||||0|0|Matches
317|Javier Manquillo|es ESP|DF|Sunderland|22|1994|15.9|1|3|1|33.3|0.19|0.06|0.33|1.00||0|0|Matches
318|Adrian Mariappa|jm JAM|DF|Watford|29|1986|6.2|0|2|0|0.0|0.32|0.00|0.00|||0|0|Matches
319|Lazar Marković|rs SRB|"FW,MF"|Hull City|22|1994|11.2|2|12|5|41.7|1.07|0.45|0.17|0.40||0|0|Matches
320|Dean Marney|eng ENG|MF|Burnley|32|1984|19.6|1|12|3|25.0|0.61|0.15|0.08|0.33||0|0|Matches
321|David Marshall|sct SCO|GK|Hull City|31|1985|16.0|0|0|0||0.00|0.00||||0|0|Matches
322|Anthony Martial|fr FRA|"FW,MF"|Manchester Utd|20|1995|17.3|4|42|18|42.9|2.43|1.04|0.10|0.22||0|0|Matches
323|Cuco Martina|cw CUW|"DF,MF"|Southampton|26|1989|6.6|0|2|0|0.0|0.30|0.00|0.00|||0|0|Matches
324|Emiliano Martínez|ar ARG|GK|Arsenal|23|1992|2.0|0|0|0||0.00|0.00||||0|0|Matches
325|Bruno Martins Indi|nl NED|DF|Stoke City|24|1992|35.0|1|18|7|38.9|0.51|0.20|0.06|0.14||0|0|Matches
Rk|Player|Nation|Pos|Squad|Age|Born|90s|Gls|Sh|SoT|SoT%|Sh/90|SoT/90|G/Sh|G/SoT|Dist|PK|PKatt|Matches
326|Brandon Mason|eng ENG|"DF,MF"|Watford|18|1997|1.3|0|0|0||0.00|0.00||||0|0|Matches
327|Ryan Mason|eng ENG|MF|Hull City|25|1991|10.3|1|17|4|23.5|1.65|0.39|0.06|0.25||0|0|Matches
328|Arthur Masuaku|cd COD|"DF,MF"|West Ham|22|1993|10.8|0|4|1|25.0|0.37|0.09|0.00|0.00||0|0|Matches
329|Juan Mata|es ESP|"FW,MF"|Manchester Utd|28|1988|17.9|6|40|21|52.5|2.23|1.17|0.15|0.29||0|0|Matches
330|Nemanja Matić|rs SRB|MF|Chelsea|27|1988|29.9|1|20|7|35.0|0.67|0.23|0.05|0.14||0|0|Matches
331|Joël Matip|cm CMR|"DF,MF"|Liverpool|24|1991|27.3|1|25|4|16.0|0.92|0.15|0.04|0.25||0|0|Matches
332|Alfie Mawson|eng ENG|DF|Swansea City|22|1994|27.0|4|22|4|18.2|0.81|0.15|0.18|1.00||0|0|Matches
333|Dieumerci Mbokani|cd COD|FW|Hull City|30|1985|8.5|0|14|4|28.6|1.65|0.47|0.00|0.00||0|0|Matches
334|James McArthur|sct SCO|MF|Crystal Palace|28|1987|22.2|5|23|6|26.1|1.04|0.27|0.22|0.83||0|0|Matches
335|Gareth McAuley|nir NIR|DF|West Brom|36|1979|34.9|6|17|7|41.2|0.49|0.20|0.35|0.86||0|0|Matches
336|Oliver McBurnie|sct SCO|FW|Swansea City|20|1996|0.9|0|2|1|50.0|2.20|1.10|0.00|0.00||0|0|Matches
337|James McCarthy|ie IRL|MF|Everton|25|1990|6.8|1|6|3|50.0|0.88|0.44|0.17|0.33||0|0|Matches
338|James McClean|ie IRL|"DF,FW"|West Brom|27|1989|16.4|1|23|13|56.5|1.40|0.79|0.04|0.08||0|0|Matches
339|Paddy McNair|nir NIR|"DF,MF"|Sunderland|21|1995|3.9|0|1|0|0.0|0.25|0.00|0.00|||0|0|Matches
340|Sam McQueen|eng ENG|MF|Southampton|21|1995|6.8|0|1|0|0.0|0.15|0.00|0.00|||0|0|Matches
341|Scott McTominay|sct SCO|MF|Manchester Utd|19|1996|1.1|0|1|0|0.0|0.93|0.00|0.00|||0|0|Matches
342|Ben Mee|eng ENG|DF|Burnley|26|1989|33.5|1|16|6|37.5|0.48|0.18|0.06|0.17||0|0|Matches
343|Memphis|nl NED|"FW,MF"|Manchester Utd|22|1994|0.3|0|0|0||0.00|0.00||||0|0|Matches
344|Nampalys Mendy|sn SEN|MF|Leicester City|24|1992|3.0|0|0|0||0.00|0.00||||0|0|Matches
345|Per Mertesacker|de GER|DF|Arsenal|31|1984|0.4|0|0|0||0.00|0.00||||0|0|Matches
346|David Meyler|ie IRL|MF|Hull City|27|1989|10.7|1|8|3|37.5|0.75|0.28|0.13|0.33||0|0|Matches
347|Simon Mignolet|be BEL|GK|Liverpool|28|1988|28.0|0|0|0||0.00|0.00||||0|0|Matches
348|Luka Milivojević|rs SRB|MF|Crystal Palace|25|1991|13.6|2|14|4|28.6|1.03|0.29|0.00|0.00||2|2|Matches
349|James Milner|eng ENG|"DF,MF"|Liverpool|30|1986|35.0|7|36|17|47.2|1.03|0.49|0.00|0.00||7|8|Matches
350|Tyrone Mings|eng ENG|DF|Bournemouth|23|1993|5.6|0|1|1|100.0|0.18|0.18|0.00|0.00||0|0|Matches
Rk|Player|Nation|Pos|Squad|Age|Born|90s|Gls|Sh|SoT|SoT%|Sh/90|SoT/90|G/Sh|G/SoT|Dist|PK|PKatt|Matches
351|Kevin Mirallas|be BEL|"FW,MF"|Everton|28|1987|23.0|4|60|23|38.3|2.60|1.00|0.07|0.17||0|0|Matches
352|Demetri Mitchell|eng ENG|"DF,MF"|Manchester Utd|19|1997|1.0|0|0|0||0.00|0.00||||0|0|Matches
353|Henrikh Mkhitaryan|am ARM|"FW,MF"|Manchester Utd|27|1989|15.0|4|32|16|50.0|2.14|1.07|0.13|0.25||0|0|Matches
354|Nacho Monreal|es ESP|DF|Arsenal|30|1986|35.0|0|12|2|16.7|0.34|0.06|0.00|0.00||0|0|Matches
355|Jefferson Montero|ec ECU|"FW,MF"|Swansea City|26|1989|5.4|0|4|1|25.0|0.74|0.18|0.00|0.00||0|0|Matches
356|Alberto Moreno|es ESP|"DF,MF"|Liverpool|24|1992|3.4|0|3|0|0.0|0.89|0.00|0.00|||0|0|Matches
357|Wes Morgan|jm JAM|DF|Leicester City|32|1984|27.0|1|14|3|21.4|0.52|0.11|0.07|0.33||0|0|Matches
358|James Morrison|sct SCO|"FW,MF"|West Brom|30|1986|19.3|5|22|8|36.4|1.14|0.41|0.23|0.63||0|0|Matches
359|Victor Moses|ng NGA|"DF,FW"|Chelsea|25|1990|27.6|3|45|15|33.3|1.63|0.54|0.07|0.20||0|0|Matches
360|Lys Mousset|fr FRA|"FW,MF"|Bournemouth|20|1996|3.0|0|10|3|30.0|3.33|1.00|0.00|0.00||0|0|Matches
361|Marc Muniesa|es ESP|"DF,MF"|Stoke City|24|1992|7.2|1|6|3|50.0|0.83|0.42|0.17|0.33||0|0|Matches
362|Ahmed Musa|ng NGA|"FW,MF"|Leicester City|23|1992|8.5|2|17|6|35.3|2.01|0.71|0.12|0.33||0|0|Matches
363|Shkodran Mustafi|de GER|DF|Arsenal|24|1992|25.3|2|24|6|25.0|0.95|0.24|0.08|0.33||0|0|Matches
364|Jordon Mutch|eng ENG|MF|Crystal Palace|24|1991|0.6|0|0|0||0.00|0.00||||0|0|Matches
365|Alfred N'Diaye|sn SEN|"DF,MF"|Hull City|26|1990|14.1|1|10|3|30.0|0.71|0.21|0.10|0.33||0|0|Matches
366|Georges-Kévin N'Koudou|cm CMR|"FW,MF"|Tottenham|21|1995|0.6|0|2|1|50.0|3.33|1.67|0.00|0.00||0|0|Matches
367|Luciano Narsingh|nl NED|"FW,MF"|Swansea City|25|1990|4.6|0|2|0|0.0|0.43|0.00|0.00|||0|0|Matches
368|Samir Nasri|fr FRA|"FW,MF"|Manchester City|29|1987|0.2|0|3|1|33.3|16.88|5.63|0.00|0.00||0|0|Matches
369|Kyle Naughton|eng ENG|DF|Swansea City|27|1988|30.2|1|20|5|25.0|0.66|0.17|0.05|0.20||0|0|Matches
370|Jesús Navas|es ESP|"DF,FW"|Manchester City|30|1985|11.8|0|8|2|25.0|0.68|0.17|0.00|0.00||0|0|Matches
371|Wilfred Ndidi|ng NGA|"DF,MF"|Leicester City|19|1996|16.9|2|32|7|21.9|1.89|0.41|0.06|0.29||0|0|Matches
372|Álvaro Negredo|es ESP|FW|Middlesbrough|30|1985|31.9|9|69|23|33.3|2.16|0.72|0.10|0.30||2|2|Matches
373|Julien Ngoy|be BEL|"FW,MF"|Stoke City|18|1997|0.5|0|2|0|0.0|3.67|0.00|0.00|||0|0|Matches
374|M'Baye Niang|sn SEN|"FW,MF"|Watford|21|1994|13.8|2|32|13|40.6|2.31|0.94|0.06|0.15||0|0|Matches
375|Oumar Niasse|sn SEN|"FW,MF"|Hull City|26|1990|12.2|4|25|8|32.0|2.05|0.66|0.16|0.50||0|0|Matches
Rk|Player|Nation|Pos|Squad|Age|Born|90s|Gls|Sh|SoT|SoT%|Sh/90|SoT/90|G/Sh|G/SoT|Dist|PK|PKatt|Matches
376|Mark Noble|eng ENG|MF|West Ham|29|1987|26.5|3|25|7|28.0|0.94|0.26|0.08|0.29||1|2|Matches
377|Nolito|es ESP|"FW,MF"|Manchester City|29|1986|8.6|4|32|11|34.4|3.70|1.27|0.13|0.36||0|0|Matches
378|Kristoffer Nordfeldt|se SWE|GK|Swansea City|27|1989|1.0|0|0|0||0.00|0.00||||0|0|Matches
379|Håvard Nordtveit|no NOR|"DF,MF"|West Ham|26|1990|10.6|0|7|1|14.3|0.66|0.09|0.00|0.00||0|0|Matches
380|Emilio Nsue|gq EQG|"DF,FW"|Middlesbrough|26|1989|3.6|0|2|0|0.0|0.56|0.00|0.00|||0|0|Matches
381|David Nugent|eng ENG|FW|Middlesbrough|31|1985|0.5|0|0|0||0.00|0.00||||0|0|Matches
382|Allan Nyom|cm CMR|"DF,MF"|West Brom|28|1988|29.3|0|6|1|16.7|0.20|0.03|0.00|0.00||0|0|Matches
383|Aiden O'Neill|au AUS|MF|Burnley|18|1998|0.9|0|1|0|0.0|1.06|0.00|0.00|||0|0|Matches
384|John O'Shea|ie IRL|"DF,MF"|Sunderland|35|1981|24.0|0|3|2|66.7|0.13|0.08|0.00|0.00||0|0|Matches
385|Pedro Obiang|gq EQG|MF|West Ham|24|1992|19.6|1|9|2|22.2|0.46|0.10|0.11|0.50||0|0|Matches
386|Angelo Ogbonna|it ITA|DF|West Ham|28|1988|19.5|0|3|1|33.3|0.15|0.05|0.00|0.00||0|0|Matches
387|Stefano Okaka|it ITA|FW|Watford|26|1989|10.6|4|27|12|44.4|2.54|1.13|0.15|0.33||0|0|Matches
388|Shinji Okazaki|jp JPN|"FW,MF"|Leicester City|30|1986|17.4|3|29|9|31.0|1.67|0.52|0.10|0.33||0|0|Matches
389|Jonas Olsson|se SWE|DF|West Brom|33|1983|6.6|0|3|0|0.0|0.46|0.00|0.00|||0|0|Matches
390|Martin Olsson|se SWE|"DF,MF"|Swansea City|28|1988|13.9|2|8|4|50.0|0.58|0.29|0.25|0.50||0|0|Matches
391|Josh Onomah|eng ENG|"FW,MF"|Tottenham|19|1997|0.2|0|1|0|0.0|4.09|0.00|0.00|||0|0|Matches
392|Divock Origi|be BEL|"FW,MF"|Liverpool|21|1995|16.3|7|37|15|40.5|2.27|0.92|0.19|0.47||0|0|Matches
393|Oscar|br BRA|"FW,MF"|Chelsea|24|1991|5.1|0|12|2|16.7|2.37|0.40|0.00|0.00||0|0|Matches
394|David Ospina|co COL|GK|Arsenal|27|1988|1.6|0|0|0||0.00|0.00||||0|0|Matches
395|Nicolás Otamendi|ar ARG|DF|Manchester City|28|1988|28.8|1|15|3|20.0|0.52|0.10|0.07|0.33||0|0|Matches
396|Bryan Oviedo|cr CRC|"DF,MF"|Sunderland|26|1990|9.4|0|4|1|25.0|0.42|0.11|0.00|0.00||0|0|Matches
397|Bryan Oviedo|cr CRC|"DF,MF"|Everton|26|1990|5.3|0|0|0||0.00|0.00||||0|0|Matches
398|Alex Oxlade-Chamberlain|eng ENG|"FW,MF"|Arsenal|22|1993|17.4|2|28|8|28.6|1.61|0.46|0.07|0.25||0|0|Matches
399|Mesut Özil|de GER|MF|Arsenal|27|1988|31.6|8|40|18|45.0|1.27|0.57|0.20|0.44||0|0|Matches
400|Costel Pantilimon|ro ROU|GK|Watford|29|1987|0.9|0|0|0||0.00|0.00||||0|0|Matches
Rk|Player|Nation|Pos|Squad|Age|Born|90s|Gls|Sh|SoT|SoT%|Sh/90|SoT/90|G/Sh|G/SoT|Dist|PK|PKatt|Matches
401|Gabriel Paulista|br BRA|DF|Arsenal|25|1990|16.9|0|9|2|22.2|0.53|0.12|0.00|0.00||0|0|Matches
402|Dimitri Payet|fr FRA|"FW,MF"|West Ham|29|1987|16.8|2|55|15|27.3|3.28|0.89|0.04|0.13||0|0|Matches
403|Pedro|es ESP|"FW,MF"|Chelsea|29|1987|23.8|9|59|18|30.5|2.48|0.76|0.15|0.50||0|0|Matches
404|Matthew Pennington|eng ENG|DF|Everton|21|1994|2.0|1|1|1|100.0|0.50|0.50|1.00|1.00||0|0|Matches
405|Dion Pereira|ag ATG|MF|Watford|17|1999|0.3|0|0|0||0.00|0.00||||0|0|Matches
406|Roberto Pereyra|ar ARG|"DF,FW"|Watford|25|1991|11.5|2|9|4|44.4|0.78|0.35|0.22|0.50||0|0|Matches
407|Lucas Pérez|es ESP|"FW,MF"|Arsenal|27|1988|3.0|1|9|4|44.4|2.98|1.32|0.11|0.25||0|0|Matches
408|Matt Phillips|sct SCO|"DF,FW"|West Brom|25|1991|24.2|4|47|10|21.3|1.94|0.41|0.09|0.40||0|0|Matches
409|Jordan Pickford|eng ENG|GK|Sunderland|22|1994|29.0|0|0|0||0.00|0.00||||0|0|Matches
410|Jérémy Pied|fr FRA|"DF,FW"|Southampton|27|1989|1.4|0|3|0|0.0|2.09|0.00|0.00|||0|0|Matches
411|Steven Pienaar|za RSA|MF|Sunderland|34|1982|8.9|0|4|2|50.0|0.45|0.22|0.00|0.00||0|0|Matches
412|Erik Pieters|nl NED|"DF,MF"|Stoke City|27|1988|35.0|0|9|0|0.0|0.26|0.00|0.00|||0|0|Matches
413|Paul Pogba|fr FRA|MF|Manchester Utd|23|1993|29.0|5|91|32|35.2|3.14|1.10|0.05|0.16||0|0|Matches
414|Sebastian Prödl|at AUT|"DF,MF"|Watford|29|1987|30.8|1|21|7|33.3|0.68|0.23|0.05|0.14||0|0|Matches
415|Marc Pugh|eng ENG|"FW,MF"|Bournemouth|29|1987|14.8|2|18|6|33.3|1.22|0.41|0.11|0.33||0|0|Matches
416|Jason Puncheon|eng ENG|MF|Crystal Palace|30|1986|34.3|0|45|10|22.2|1.31|0.29|0.00|0.00||0|0|Matches
417|Gastón Ramírez|uy URU|"FW,MF"|Middlesbrough|25|1990|17.1|2|32|9|28.1|1.87|0.53|0.06|0.22||0|0|Matches
418|Aaron Ramsey|wls WAL|MF|Arsenal|25|1990|13.7|1|42|12|28.6|3.06|0.87|0.02|0.08||0|0|Matches
419|Darren Randolph|ie IRL|GK|West Ham|29|1987|22.0|0|0|0||0.00|0.00||||0|0|Matches
420|Àngel Rangel|es ESP|DF|Swansea City|33|1982|9.2|1|5|3|60.0|0.54|0.32|0.20|0.33||0|0|Matches
421|Andrea Ranocchia|it ITA|DF|Hull City|28|1988|14.8|2|8|4|50.0|0.54|0.27|0.25|0.50||0|0|Matches
422|Marcus Rashford|eng ENG|"FW,MF"|Manchester Utd|18|1997|19.0|5|44|17|38.6|2.32|0.89|0.11|0.29||0|0|Matches
423|Nathan Redmond|eng ENG|"FW,MF"|Southampton|22|1994|32.2|7|83|28|33.7|2.58|0.87|0.08|0.25||0|0|Matches
424|Harrison Reed|eng ENG|MF|Southampton|21|1995|0.7|0|0|0||0.00|0.00||||0|0|Matches
425|Winston Reid|nz NZL|DF|West Ham|28|1988|28.7|2|11|2|18.2|0.38|0.07|0.18|1.00||0|0|Matches
Rk|Player|Nation|Pos|Squad|Age|Born|90s|Gls|Sh|SoT|SoT%|Sh/90|SoT/90|G/Sh|G/SoT|Dist|PK|PKatt|Matches
426|Loïc Rémy|fr FRA|FW|Crystal Palace|29|1987|1.5|0|6|3|50.0|4.03|2.01|0.00|0.00||0|0|Matches
427|Jordan Rhodes|sct SCO|FW|Middlesbrough|26|1990|2.3|0|6|4|66.7|2.56|1.71|0.00|0.00||0|0|Matches
428|Declan Rice|eng ENG|"DF,MF"|West Ham|17|1999|0.0|0|0|0||0.00|0.00||||0|0|Matches
429|Andrew Robertson|sct SCO|"DF,MF"|Hull City|22|1994|30.4|1|7|1|14.3|0.23|0.03|0.14|1.00||0|0|Matches
430|Paul Robinson|eng ENG|GK|Burnley|36|1979|3.0|0|0|0||0.00|0.00||||0|0|Matches
431|Joel Robles|es ESP|GK|Everton|26|1990|19.3|0|0|0||0.00|0.00||||0|0|Matches
432|Hal Robson-Kanu|wls WAL|"FW,MF"|West Brom|27|1989|7.8|3|16|6|37.5|2.05|0.77|0.19|0.50||0|0|Matches
433|Jay Rodriguez|eng ENG|"FW,MF"|Southampton|27|1989|9.9|5|33|16|48.5|3.33|1.61|0.15|0.31||0|0|Matches
434|Jack Rodwell|eng ENG|"DF,MF"|Sunderland|25|1991|16.6|0|19|5|26.3|1.15|0.30|0.00|0.00||0|0|Matches
435|Marcos Rojo|ar ARG|DF|Manchester Utd|26|1990|18.5|1|14|4|28.6|0.76|0.22|0.07|0.25||0|0|Matches
436|Sergio Romero|ar ARG|GK|Manchester Utd|29|1987|2.0|0|0|0||0.00|0.00||||0|0|Matches
437|Oriol Romeu|es ESP|MF|Southampton|24|1991|34.1|1|27|6|22.2|0.79|0.18|0.04|0.17||0|0|Matches
438|Salomón Rondón|ve VEN|FW|West Brom|26|1989|32.1|8|93|26|28.0|2.90|0.81|0.09|0.31||0|0|Matches
439|Marten de Roon|nl NED|"DF,MF"|Middlesbrough|25|1991|30.8|4|29|7|24.1|0.94|0.23|0.14|0.57||0|0|Matches
440|Wayne Rooney|eng ENG|"FW,MF"|Manchester Utd|30|1985|17.1|5|51|18|35.3|2.98|1.05|0.08|0.22||1|1|Matches
441|Danny Rose|eng ENG|"DF,MF"|Tottenham|26|1990|17.0|2|23|5|21.7|1.35|0.29|0.09|0.40||0|0|Matches
442|Wayne Routledge|eng ENG|"FW,MF"|Swansea City|31|1985|21.4|3|19|9|47.4|0.89|0.42|0.16|0.33||0|0|Matches
443|Bacary Sagna|fr FRA|DF|Manchester City|33|1983|15.0|0|4|0|0.0|0.27|0.00|0.00|||0|0|Matches
444|Diafra Sakho|sn SEN|FW|West Ham|26|1989|2.0|1|3|1|33.3|1.49|0.50|0.33|1.00||0|0|Matches
445|Mamadou Sakho|fr FRA|DF|Crystal Palace|26|1990|7.6|0|2|0|0.0|0.26|0.00|0.00|||0|0|Matches
446|Bakary Sako|ml MLI|"FW,MF"|Crystal Palace|28|1988|1.6|0|4|1|25.0|2.54|0.63|0.00|0.00||0|0|Matches
447|Alexis Sánchez|cl CHI|"FW,MF"|Arsenal|27|1988|35.7|24|129|49|38.0|3.61|1.37|0.17|0.45||2|3|Matches
448|Leroy Sané|de GER|"FW,MF"|Manchester City|20|1996|19.8|5|33|14|42.4|1.67|0.71|0.15|0.36||0|0|Matches
449|Jeffrey Schlupp|gh GHA|"DF,FW"|Crystal Palace|23|1992|11.1|0|3|0|0.0|0.27|0.00|0.00|||0|0|Matches
450|Jeffrey Schlupp|gh GHA|"DF,FW"|Leicester City|23|1992|1.6|0|0|0||0.00|0.00||||0|0|Matches
Rk|Player|Nation|Pos|Squad|Age|Born|90s|Gls|Sh|SoT|SoT%|Sh/90|SoT/90|G/Sh|G/SoT|Dist|PK|PKatt|Matches
451|Kasper Schmeichel|dk DEN|GK|Leicester City|29|1986|29.6|0|0|0||0.00|0.00||||0|0|Matches
452|Morgan Schneiderlin|fr FRA|MF|Manchester Utd|26|1989|0.2|0|0|0||0.00|0.00||||0|0|Matches
453|Morgan Schneiderlin|fr FRA|MF|Everton|26|1989|11.8|1|7|3|42.9|0.59|0.25|0.14|0.33||0|0|Matches
454|Xherdan Shaqiri|ch SUI|"FW,MF"|Stoke City|24|1991|18.9|4|48|10|20.8|2.54|0.53|0.08|0.40||0|0|Matches
455|Luke Shaw|eng ENG|"DF,MF"|Manchester Utd|21|1995|7.6|0|6|1|16.7|0.78|0.13|0.00|0.00||0|0|Matches
456|Ryan Shawcross|eng ENG|DF|Stoke City|28|1987|35.0|1|21|6|28.6|0.60|0.17|0.05|0.17||0|0|Matches
457|Gylfi Sigurðsson|is ISL|"FW,MF"|Swansea City|26|1989|37.0|9|116|50|43.1|3.14|1.35|0.05|0.12||3|3|Matches
458|David Silva|es ESP|"FW,MF"|Manchester City|30|1986|30.7|4|48|17|35.4|1.57|0.55|0.08|0.24||0|0|Matches
459|Danny Simpson|eng ENG|DF|Leicester City|29|1987|33.2|0|2|0|0.0|0.06|0.00|0.00|||0|0|Matches
460|Josh Sims|eng ENG|MF|Southampton|19|1997|2.3|0|5|3|60.0|2.13|1.28|0.00|0.00||0|0|Matches
461|Jerome Sinclair|eng ENG|FW|Watford|19|1996|1.3|0|1|0|0.0|0.78|0.00|0.00|||0|0|Matches
462|Moussa Sissoko|fr FRA|"FW,MF"|Tottenham|26|1989|10.1|0|17|3|17.6|1.68|0.30|0.00|0.00||0|0|Matches
463|Islam Slimani|dz ALG|FW|Leicester City|28|1988|14.2|7|35|13|37.1|2.46|0.91|0.17|0.46||1|1|Matches
464|Chris Smalling|eng ENG|DF|Manchester Utd|26|1989|13.5|1|7|1|14.3|0.52|0.07|0.14|1.00||0|0|Matches
465|Adam Smith|eng ENG|"DF,MF"|Bournemouth|25|1991|34.5|1|26|6|23.1|0.75|0.17|0.04|0.17||0|0|Matches
466|Brad Smith|au AUS|"DF,MF"|Bournemouth|22|1994|3.2|0|3|1|33.3|0.93|0.31|0.00|0.00||0|0|Matches
467|Robert Snodgrass|sct SCO|"FW,MF"|West Ham|28|1987|9.3|0|11|2|18.2|1.18|0.21|0.00|0.00||0|0|Matches
468|Robert Snodgrass|sct SCO|"FW,MF"|Hull City|28|1987|19.0|7|39|17|43.6|2.05|0.89|0.13|0.29||2|2|Matches
469|Cédric Soares|pt POR|"DF,MF"|Southampton|24|1991|27.9|0|20|6|30.0|0.72|0.21|0.00|0.00||0|0|Matches
470|Ramadan Sobhi|eg EGY|MF|Stoke City|19|1997|9.5|0|4|1|25.0|0.42|0.11|0.00|0.00||0|0|Matches
471|Pape Souaré|sn SEN|DF|Crystal Palace|26|1990|3.0|0|2|0|0.0|0.67|0.00|0.00|||0|0|Matches
472|Junior Stanislas|eng ENG|"FW,MF"|Bournemouth|26|1989|16.3|7|42|18|42.9|2.58|1.10|0.12|0.28||2|2|Matches
473|Maarten Stekelenburg|nl NED|GK|Everton|33|1982|18.7|0|0|0||0.00|0.00||||0|0|Matches
474|Jack Stephens|eng ENG|DF|Southampton|22|1994|16.3|0|4|0|0.0|0.24|0.00|0.00|||0|0|Matches
475|Raheem Sterling|eng ENG|"FW,MF"|Manchester City|21|1994|27.9|7|64|24|37.5|2.30|0.86|0.11|0.29||0|0|Matches
Rk|Player|Nation|Pos|Squad|Age|Born|90s|Gls|Sh|SoT|SoT%|Sh/90|SoT/90|G/Sh|G/SoT|Dist|PK|PKatt|Matches
476|Kevin Stewart|jm JAM|"DF,MF"|Liverpool|22|1993|0.2|0|0|0||0.00|0.00||||0|0|Matches
477|John Stones|eng ENG|DF|Manchester City|22|1994|22.4|0|13|2|15.4|0.58|0.09|0.00|0.00||0|0|Matches
478|Cristhian Stuani|uy URU|"FW,MF"|Middlesbrough|29|1986|15.0|4|21|10|47.6|1.40|0.66|0.19|0.40||0|0|Matches
479|Daniel Sturridge|eng ENG|"FW,MF"|Liverpool|26|1989|8.6|3|40|20|50.0|4.65|2.32|0.08|0.15||0|0|Matches
480|Isaac Success|ng NGA|"FW,MF"|Watford|20|1996|5.8|1|14|8|57.1|2.43|1.39|0.07|0.13||0|0|Matches
481|Ki Sung-yueng|kr KOR|MF|Swansea City|27|1989|14.3|0|9|1|11.1|0.63|0.07|0.00|0.00||0|0|Matches
482|Andrew Surman|eng ENG|MF|Bournemouth|29|1986|20.0|0|8|2|25.0|0.40|0.10|0.00|0.00||0|0|Matches
483|Dušan Tadić|rs SRB|"FW,MF"|Southampton|27|1988|26.8|3|63|22|34.9|2.35|0.82|0.03|0.09||1|2|Matches
484|Matt Targett|eng ENG|"DF,MF"|Southampton|20|1995|4.1|0|2|0|0.0|0.48|0.00|0.00|||0|0|Matches
485|James Tarkowski|eng ENG|DF|Burnley|23|1992|6.3|0|5|0|0.0|0.79|0.00|0.00|||0|0|Matches
486|Neil Taylor|wls WAL|"DF,MF"|Swansea City|27|1989|10.2|0|4|0|0.0|0.39|0.00|0.00|||0|0|Matches
487|John Terry|eng ENG|DF|Chelsea|35|1980|5.5|1|8|2|25.0|1.45|0.36|0.13|0.50||0|0|Matches
488|James Tomkins|eng ENG|"DF,MF"|Crystal Palace|27|1989|21.9|3|15|4|26.7|0.68|0.18|0.20|0.75||0|0|Matches
489|Gökhan Töre|tr TUR|"FW,MF"|West Ham|24|1992|2.7|0|5|0|0.0|1.87|0.00|0.00|||0|0|Matches
490|Yaya Touré|ci CIV|MF|Manchester City|33|1983|21.6|5|32|15|46.9|1.48|0.70|0.09|0.20||2|2|Matches
491|Andros Townsend|eng ENG|"FW,MF"|Crystal Palace|25|1991|28.0|3|56|13|23.2|2.00|0.46|0.05|0.23||0|0|Matches
492|Adama Traoré|es ESP|"FW,MF"|Middlesbrough|20|1996|17.1|0|11|2|18.2|0.64|0.12|0.00|0.00||0|0|Matches
493|Kieran Trippier|eng ENG|"DF,MF"|Tottenham|25|1990|6.3|0|3|0|0.0|0.48|0.00|0.00|||0|0|Matches
494|Axel Tuanzebe|cd COD|DF|Manchester Utd|18|1997|3.4|0|2|0|0.0|0.59|0.00|0.00|||0|0|Matches
495|Josh Tymon|eng ENG|"DF,MF"|Hull City|17|1999|3.6|0|0|0||0.00|0.00||||0|0|Matches
496|Leonardo Ulloa|ar ARG|FW|Leicester City|30|1986|5.0|1|11|5|45.5|2.21|1.01|0.09|0.20||0|0|Matches
497|Víctor Valdés|es ESP|GK|Middlesbrough|34|1982|28.0|0|0|0||0.00|0.00||||0|0|Matches
498|Antonio Valencia|ec ECU|"DF,MF"|Manchester Utd|30|1985|27.6|1|9|4|44.4|0.33|0.14|0.11|0.25||0|0|Matches
499|Enner Valencia|ec ECU|"FW,MF"|West Ham|26|1989|2.3|0|7|0|0.0|2.99|0.00|0.00|||0|0|Matches
500|Enner Valencia|ec ECU|"FW,MF"|Everton|26|1989|8.0|3|24|9|37.5|3.02|1.13|0.13|0.33||0|0|Matches
Rk|Player|Nation|Pos|Squad|Age|Born|90s|Gls|Sh|SoT|SoT%|Sh/90|SoT/90|G/Sh|G/SoT|Dist|PK|PKatt|Matches
501|Virgil van Dijk|nl NED|DF|Southampton|25|1991|20.6|1|17|5|29.4|0.83|0.24|0.06|0.20||0|0|Matches
502|Jamie Vardy|eng ENG|FW|Leicester City|29|1987|31.1|13|54|26|48.1|1.73|0.84|0.24|0.50||0|0|Matches
503|Jan Vertonghen|be BEL|DF|Tottenham|29|1987|32.2|0|14|4|28.6|0.44|0.12|0.00|0.00||0|0|Matches
504|Sam Vokes|wls WAL|FW|Burnley|26|1989|22.9|10|57|23|40.4|2.49|1.00|0.14|0.35||2|2|Matches
505|Michel Vorm|nl NED|GK|Tottenham|32|1983|4.6|0|0|0||0.00|0.00||||0|0|Matches
506|Matěj Vydra|cz CZE|"FW,MF"|Watford|24|1992|0.0|0|0|0||0.00|0.00||||0|0|Matches
507|Theo Walcott|eng ENG|"FW,MF"|Arsenal|27|1989|21.3|10|61|29|47.5|2.87|1.36|0.16|0.34||0|1|Matches
508|Kyle Walker|eng ENG|"DF,MF"|Tottenham|26|1990|30.0|0|19|5|26.3|0.63|0.17|0.00|0.00||0|0|Matches
509|Jonathan Walters|ie IRL|"FW,MF"|Stoke City|32|1983|14.5|4|25|12|48.0|1.73|0.83|0.12|0.25||1|1|Matches
510|Victor Wanyama|ke KEN|MF|Tottenham|25|1991|33.5|4|40|13|32.5|1.20|0.39|0.10|0.31||0|0|Matches
511|Joel Ward|eng ENG|"DF,MF"|Crystal Palace|26|1989|38.0|0|15|3|20.0|0.40|0.08|0.00|0.00||0|0|Matches
512|Stephen Ward|ie IRL|"DF,FW"|Burnley|30|1985|35.9|1|7|1|14.3|0.20|0.03|0.14|1.00||0|0|Matches
513|James Ward-Prowse|eng ENG|MF|Southampton|21|1994|20.9|4|41|18|43.9|1.96|0.86|0.10|0.22||0|0|Matches
514|Marcin Wasilewski|pl POL|DF|Leicester City|36|1980|1.0|0|0|0||0.00|0.00||||0|0|Matches
515|Duncan Watmore|eng ENG|"FW,MF"|Sunderland|22|1994|11.4|0|16|4|25.0|1.41|0.35|0.00|0.00||0|0|Matches
516|Ben Watson|eng ENG|MF|Watford|31|1985|0.6|0|0|0||0.00|0.00||||0|0|Matches
517|Danny Welbeck|eng ENG|"FW,MF"|Arsenal|25|1990|8.3|2|20|9|45.0|2.41|1.08|0.10|0.22||0|0|Matches
518|Ashley Westwood|eng ENG|MF|Burnley|26|1990|6.1|0|2|0|0.0|0.33|0.00|0.00|||0|0|Matches
519|Glenn Whelan|ie IRL|MF|Stoke City|32|1984|25.3|0|6|2|33.3|0.24|0.08|0.00|0.00||0|0|Matches
520|Connor Wickham|eng ENG|"FW,MF"|Crystal Palace|23|1993|4.6|2|10|5|50.0|2.18|1.09|0.20|0.40||0|0|Matches
521|Georginio Wijnaldum|nl NED|MF|Liverpool|25|1990|33.0|6|60|21|35.0|1.82|0.64|0.10|0.29||0|0|Matches
522|Ashley Williams|wls WAL|DF|Everton|31|1984|35.1|1|16|6|37.5|0.46|0.17|0.06|0.17||0|0|Matches
523|Willian|br BRA|"FW,MF"|Chelsea|27|1988|17.0|8|44|15|34.1|2.58|0.88|0.18|0.53||0|0|Matches
524|Jack Wilshere|eng ENG|MF|Arsenal|24|1992|0.4|0|0|0||0.00|0.00||||0|0|Matches
525|Jack Wilshere|eng ENG|MF|Bournemouth|24|1992|21.2|0|27|10|37.0|1.27|0.47|0.00|0.00||0|0|Matches
Rk|Player|Nation|Pos|Squad|Age|Born|90s|Gls|Sh|SoT|SoT%|Sh/90|SoT/90|G/Sh|G/SoT|Dist|PK|PKatt|Matches
526|Callum Wilson|eng ENG|FW|Bournemouth|24|1992|15.1|6|31|12|38.7|2.06|0.80|0.10|0.25||3|3|Matches
527|Marc Wilson|ie IRL|"DF,MF"|West Brom|28|1987|2.8|0|1|0|0.0|0.35|0.00|0.00|||0|0|Matches
528|Kevin Wimmer|at AUT|DF|Tottenham|23|1992|4.0|0|0|0||0.00|0.00||||0|0|Matches
529|Harry Winks|eng ENG|MF|Tottenham|20|1996|5.5|1|6|2|33.3|1.10|0.37|0.17|0.50||0|0|Matches
530|Philipp Wollscheid|de GER|DF|Stoke City|27|1989|2.0|0|1|0|0.0|0.50|0.00|0.00|||0|0|Matches
531|Ben Woodburn|wls WAL|"FW,MF"|Liverpool|16|1999|1.0|0|2|0|0.0|2.09|0.00|0.00|||0|0|Matches
532|Matt Worthington|eng ENG|"DF,MF"|Bournemouth|18|1997|0.2|0|0|0||0.00|0.00||||0|0|Matches
533|Granit Xhaka|ch SUI|MF|Arsenal|23|1992|27.6|2|34|9|26.5|1.23|0.33|0.06|0.22||0|0|Matches
534|Claudio Yacob|ar ARG|MF|West Brom|29|1987|26.9|0|9|0|0.0|0.33|0.00|0.00|||0|0|Matches
535|Maya Yoshida|jp JPN|DF|Southampton|27|1988|23.0|1|15|6|40.0|0.65|0.26|0.07|0.17||0|0|Matches
536|Ashley Young|eng ENG|"DF,FW"|Manchester Utd|31|1985|8.4|0|5|0|0.0|0.59|0.00|0.00|||0|0|Matches
537|Pablo Zabaleta|ar ARG|"DF,MF"|Manchester City|31|1985|11.8|1|7|2|28.6|0.59|0.17|0.14|0.50||0|0|Matches
538|Wilfried Zaha|ci CIV|"FW,MF"|Crystal Palace|23|1992|33.5|7|49|18|36.7|1.46|0.54|0.14|0.39||0|0|Matches
539|Mauro Zárate|ar ARG|"FW,MF"|Watford|29|1987|2.3|0|8|3|37.5|3.55|1.33|0.00|0.00||0|0|Matches
540|Simone Zaza|it ITA|FW|West Ham|25|1991|5.1|0|16|2|12.5|3.14|0.39|0.00|0.00||0|0|Matches
541|Ron-Robert Zieler|de GER|GK|Leicester City|27|1989|8.4|0|0|0||0.00|0.00||||0|0|Matches
542|Kurt Zouma|fr FRA|DF|Chelsea|21|1994|2.8|0|1|0|0.0|0.36|0.00|0.00|||0|0|Matches
543|Juan Zúñiga|co COL|"DF,MF"|Watford|30|1985|9.2|1|6|1|16.7|0.65|0.11|0.17|1.00||0|0|Matches