Rk|Player|Nation|Pos|Squad|Age|Born|90s|CrdY|CrdR|2CrdY|Fls|Fld|Off|Crs|Int|TklW|PKwon|PKcon|OG|Matches
1|Patrick van Aanholt|nl NED|DF|Crystal Palace|25|1990|7.9|1|0|0|3|2|0|22|14|5|0|0|0|Matches
2|Patrick van Aanholt|nl NED|DF|Sunderland|25|1990|19.8|2|0|0|11|15|6|56|46|28|0|1|0|Matches
3|Charlie Adam|sct SCO|MF|Stoke City|30|1985|16.9|7|0|0|41|26|0|86|24|17|0|0|0|Matches
4|Albert Adomah|gh GHA|"DF,FW"|Middlesbrough|28|1987|1.4|0|0|0|3|2|0|9|2|4|0|0|0|Matches
5|Adrián|es ESP|GK|West Ham|29|1987|16.0|1|0|0|0|3|0|0|0|0|0|0|0|Matches
6|Ibrahim Afellay|nl NED|"FW,MF"|Stoke City|30|1986|4.3|0|0|0|3|7|2|15|5|2|0|0|0|Matches
7|Benik Afobe|cd COD|FW|Bournemouth|23|1993|16.2|1|0|0|22|13|14|3|6|9|0|0|0|Matches
8|Sergio Agüero|ar ARG|FW|Manchester City|28|1988|26.7|4|1|0|23|34|23|18|4|14|1|0|0|Matches
9|Dan Agyei|eng ENG|"FW,MF"|Burnley|19|1997|0.3|0|0||1|||||||||Matches
10|Ola Aina|ng NGA|"DF,MF"|Chelsea|19|1996|0.3|0|0|0|0|1|0|0|0|0|0|0|0|Matches
11|Nathan Aké|nl NED|"DF,MF"|Bournemouth|21|1995|8.2|0|0|0|3|3|0|2|9|14|0|0|0|Matches
12|Nathan Aké|nl NED|"DF,MF"|Chelsea|21|1995|1.1|1|0|0|1|0|0|0|2|3|0|0|0|Matches
13|Marc Albrighton|eng ENG|"DF,FW"|Leicester City|26|1989|26.8|5|0|0|21|20|2|212|38|45|0|0|0|Matches
14|Toby Alderweireld|be BEL|DF|Tottenham|27|1989|28.9|1|0|0|9|5|0|6|26|35|0|0|0|Matches
15|Trent Alexander-Arnold|eng ENG|DF|Liverpool|17|1998|1.9|0|0|0|1|2|0|6|2|2|0|0|0|Matches
16|Joe Allen|wls WAL|MF|Stoke City|26|1990|32.6|9|0|0|29|59|0|51|63|52|1|0|0|Matches
17|Dele Alli|eng ENG|"FW,MF"|Tottenham|20|1996|33.7|4|0|0|50|76|11|22|13|40|4|0|0|Matches
18|Ryan Allsop|eng ENG|GK|Bournemouth|24|1992|1.0|0|0|0|0|0|0|0|0|0|0|0|0|Matches
19|Marcos Alonso|es ESP|"DF,MF"|Chelsea|25|1990|29.9|2|0|0|25|20|3|102|43|38|0|0|0|Matches
20|Daniel Amartey|gh GHA|"DF,MF"|Leicester City|21|1994|18.6|3|0|0|28|9|0|3|27|29|0|0|0|Matches
21|Jordi Amat|id IDN|DF|Swansea City|24|1992|15.7|5|0|0|26|5|0|0|31|23|0|2|0|Matches
22|Nordin Amrabat|ma MAR|"FW,MF"|Watford|29|1987|23.2|4|0|0|47|36|2|129|27|35|0|1|0|Matches
23|Victor Anichebe|ng NGA|FW|Sunderland|28|1988|13.5|2|0|0|25|33|7|38|9|8|0|0|0|Matches
24|Michail Antonio|jm JAM|"FW,MF"|West Ham|26|1990|27.0|6|2|1|30|49|18|94|28|28|1|1|0|Matches
25|Ikechi Anya|sct SCO|"FW,MF"|Watford|28|1988|0.1|0|0|0|0|0|0|0|0|0|0|0|0|Matches
Rk|Player|Nation|Pos|Squad|Age|Born|90s|CrdY|CrdR|2CrdY|Fls|Fld|Off|Crs|Int|TklW|PKwon|PKcon|OG|Matches
26|Álvaro Arbeloa|es ESP|DF|West Ham|33|1983|2.9|3|0|0|5|3|0|6|9|4|0|0|0|Matches
27|Scott Arfield|ca CAN|MF|Burnley|27|1988|23.4|3|0|0|37|18|3|71|34|27|1|0|0|Matches
28|Marko Arnautović|at AUT|"FW,MF"|Stoke City|27|1989|30.2|9|1|0|40|31|33|112|29|27|0|0|0|Matches
29|Harry Arter|ie IRL|MF|Bournemouth|26|1989|32.9|13|1|1|37|46|0|22|50|66|0|0|0|Matches
30|Joel Asoro|se SWE|"FW,MF"|Sunderland|17|1999|0.1|0|0|0|0|0|0|0|0|0|0|0|0|Matches
31|Charlie Austin|eng ENG|FW|Southampton|27|1989|10.4|1|0|0|14|22|8|9|4|12|0|0|0|Matches
32|Daniel Ayala|es ESP|DF|Middlesbrough|25|1990|10.2|3|0|0|15|3|1|6|27|8|0|0|0|Matches
33|André Ayew|gh GHA|"FW,MF"|West Ham|26|1989|16.0|1|0|0|13|27|6|7|11|12|0|0|0|Matches
34|Jordan Ayew|gh GHA|"FW,MF"|Swansea City|24|1991|9.6|1|0|0|18|22|6|19|8|12|0|0|0|Matches
35|César Azpilicueta|es ESP|"DF,MF"|Chelsea|26|1989|38.0|4|0|0|28|24|2|43|71|66|1|0|0|Matches
36|Eric Bailly|ci CIV|DF|Manchester Utd|22|1994|22.9|4|0|0|28|26|0|2|66|43|0|1|0|Matches
37|Leighton Baines|eng ENG|DF|Everton|31|1984|31.3|4|0|0|35|31|0|114|42|49|0|0|0|Matches
38|Patrick Bamford|eng ENG|"FW,MF"|Middlesbrough|22|1993|3.2|1|0|0|8|9|1|4|4|5|0|0|0|Matches
39|Patrick Bamford|eng ENG|"FW,MF"|Burnley|22|1993|0.4|0|0|0|1|2|1|0|0|0|0|0|0|Matches
40|Phil Bardsley|sct SCO|DF|Stoke City|31|1985|13.0|6|2|1|25|16|0|28|30|27|0|1|0|Matches
41|Ross Barkley|eng ENG|MF|Everton|22|1993|32.2|5|0|0|49|38|8|114|13|26|0|0|0|Matches
42|Ashley Barnes|eng ENG|"FW,MF"|Burnley|26|1989|19.7|8|1|1|54|75|21|9|5|18|1|0|0|Matches
43|Antonio Barragán|es ESP|"DF,MF"|Middlesbrough|29|1987|24.4|5|0|0|26|20|1|72|61|54|0|0|0|Matches
44|Modou Barrow|gm GAM|"FW,MF"|Swansea City|23|1992|12.7|1|0|0|13|36|10|59|6|18|0|0|0|Matches
45|Gareth Barry|eng ENG|MF|Everton|35|1981|23.4|10|0|0|47|25|2|20|39|49|0|0|0|Matches
46|Joey Barton|eng ENG|MF|Burnley|33|1982|12.3|4|0|0|20|17|0|11|27|35|0|0|0|Matches
47|Borja Bastón|es ESP|FW|Swansea City|23|1992|6.2|0|0|0|4|9|4|6|4|2|0|0|0|Matches
48|Michy Batshuayi|be BEL|FW|Chelsea|22|1993|2.8|0|0|0|9|4|4|2|2|2|0|0|0|Matches
49|Asmir Begović|ba BIH|GK|Chelsea|29|1987|2.0|0|0|0|0|0|0|0|0|0|0|0|0|Matches
50|Valon Behrami|ch SUI|"DF,MF"|Watford|31|1985|22.6|7|0|0|29|40|0|3|34|56|0|0|0|Matches
Rk|Player|Nation|Pos|Squad|Age|Born|90s|CrdY|CrdR|2CrdY|Fls|Fld|Off|Crs|Int|TklW|PKwon|PKcon|OG|Matches
51|Héctor Bellerín|es ESP|"DF,MF"|Arsenal|21|1995|27.8|4|0|0|20|15|0|69|39|22|0|0|0|Matches
52|Yohan Benalouane|tn TUN|DF|Leicester City|29|1987|10.2|4|0|0|15|3|0|0|27|15|0|1|0|Matches
53|Christian Benteke|be BEL|FW|Crystal Palace|25|1990|34.8|10|0|0|81|51|37|1|7|6|3|0|0|Matches
54|Jonathan Benteke|be BEL|FW|Crystal Palace|21|1995|0.1|0|0|0|0|0|0|0|0|0|0|0|0|Matches
55|Saido Berahino|bi BDI|"FW,MF"|Stoke City|22|1993|8.0|0|0|0|11|1|6|1|1|6|0|0|0|Matches
56|Saido Berahino|bi BDI|"FW,MF"|West Brom|22|1993|2.7|1|0|0|9|5|2|0|0|2|0|0|0|Matches
57|Jóhann Berg Guðmundsson|is ISL|"FW,MF"|Burnley|25|1990|11.1|1|0|0|3|9|1|71|20|17|0|1|0|Matches
58|Ryan Bertrand|eng ENG|"DF,MF"|Southampton|26|1989|27.9|3|0|0|24|36|2|98|48|26|0|1|0|Matches
59|Mame Biram Diouf|sn SEN|"FW,MF"|Stoke City|28|1987|15.4|3|0|0|28|23|9|26|18|26|0|0|0|Matches
60|Daley Blind|nl NED|"DF,MF"|Manchester Utd|26|1990|20.3|2|0|0|14|15|0|87|44|34|0|0|0|Matches
61|Yannick Bolasie|cd COD|"FW,MF"|Crystal Palace|27|1989|0.3|1|0|0|1|0|0|2|0|0|0|0|0|Matches
62|Yannick Bolasie|cd COD|"FW,MF"|Everton|27|1989|11.4|2|0|0|22|15|3|82|3|13|0|0|0|Matches
63|Wilfried Bony|ci CIV|FW|Stoke City|27|1988|7.6|1|0|0|11|13|2|1|3|3|0|0|0|Matches
64|Fabio Borini|it ITA|"FW,MF"|Sunderland|25|1991|19.3|5|0|0|28|43|0|37|23|16|0|0|0|Matches
65|Artur Boruc|pl POL|GK|Bournemouth|36|1980|35.0|2|0|0|0|6|0|0|1|0|0|0|0|Matches
66|Sofiane Boufal|ma MAR|"FW,MF"|Southampton|22|1993|12.3|5|0|0|25|22|1|35|7|26|0|0|0|Matches
67|Jarrod Bowen|eng ENG|"FW,MF"|Hull City|19|1996|2.0|0|0|0|3|8|0|0|1|1|0|0|0|Matches
68|George Boyd|sct SCO|"FW,MF"|Burnley|30|1985|31.5|3|0|0|32|29|8|42|35|68|0|0|0|Matches
69|Robbie Brady|ie IRL|"DF,FW"|Burnley|24|1992|8.0|1|0|0|8|16|0|63|12|14|0|0|0|Matches
70|Claudio Bravo|cl CHI|GK|Manchester City|33|1983|21.9|0|0|0|0|3|0|0|0|0|0|0|0|Matches
71|Miguel Britos|uy URU|DF|Watford|31|1985|25.4|10|2|2|36|24|2|13|52|33|0|1|0|Matches
72|Leon Britton|eng ENG|MF|Swansea City|33|1982|12.9|3|0|0|6|9|0|0|24|15|0|0|0|Matches
73|Chris Brunt|nir NIR|"DF,MF"|West Brom|31|1984|27.5|5|0|0|17|10|2|174|33|27|0|0|0|Matches
74|Jack Butland|eng ENG|GK|Stoke City|23|1993|5.0|0|0|0|0|1|0|0|0|0|0|0|0|Matches
75|Sam Byram|eng ENG|"DF,MF"|West Ham|22|1993|13.9|7|1|1|20|13|2|27|44|20|0|0|0|Matches
Rk|Player|Nation|Pos|Squad|Age|Born|90s|CrdY|CrdR|2CrdY|Fls|Fld|Off|Crs|Int|TklW|PKwon|PKcon|OG|Matches
76|Willy Caballero|ar ARG|GK|Manchester City|34|1981|16.1|0|0|0|0|2|0|0|0|1|0|0|0|Matches
77|Yohan Cabaye|fr FRA|MF|Crystal Palace|30|1986|23.6|7|0|0|31|21|2|109|72|39|0|0|0|Matches
78|Martín Cáceres|uy URU|DF|Southampton|29|1987|1.0|0|0|0|0|0|0|0|1|1|0|0|0|Matches
79|Gary Cahill|eng ENG|DF|Chelsea|30|1985|36.6|5|0|0|34|25|2|1|48|41|0|1|1|Matches
80|Jonathan Calleri|ar ARG|FW|West Ham|22|1993|6.0|0|0|0|10|8|9|16|4|5|0|0|0|Matches
81|Dominic Calvert-Lewin|eng ENG|"FW,MF"|Everton|19|1997|3.9|1|0|0|4|7|1|0|3|4|0|0|0|Matches
82|Geoff Cameron|us USA|"DF,MF"|Stoke City|31|1985|18.1|1|0|0|17|19|2|14|34|36|0|0|0|Matches
83|Fraizer Campbell|eng ENG|FW|Crystal Palace|28|1987|1.8|0|0|0|2|3|0|2|1|1|0|0|0|Matches
84|Emre Can|de GER|"DF,MF"|Liverpool|22|1994|26.3|6|0|0|70|30|2|23|32|54|0|0|0|Matches
85|Étienne Capoue|fr FRA|MF|Watford|28|1988|35.6|5|0|0|52|46|1|80|61|44|0|0|0|Matches
86|Baily Cargill|eng ENG|DF|Bournemouth|21|1995|0.1|0|0|0|0|0|0|0|0|1|0|0|0|Matches
87|Michael Carrick|eng ENG|MF|Manchester Utd|35|1981|17.8|2|0|0|5|19|0|5|44|18|0|0|0|Matches
88|Andy Carroll|eng ENG|FW|West Ham|27|1989|14.6|3|0|0|25|29|5|10|6|3|0|0|0|Matches
89|Tom Carroll|eng ENG|MF|Tottenham|24|1992|0.0|0|0|0|0|0|0|0|0|0|0|0|0|Matches
90|Tom Carroll|eng ENG|MF|Swansea City|24|1992|15.4|1|0|0|13|10|0|38|18|27|0|0|0|Matches
91|Joel Castro Pereira|pt POR|GK|Manchester Utd|20|1996|1.0|0|0|0|0|0|0|0|0|0|0|0|0|Matches
92|Craig Cathcart|nir NIR|DF|Watford|27|1989|12.9|3|0|0|13|2|0|6|16|18|0|0|0|Matches
93|Lee Cattermole|eng ENG|MF|Sunderland|28|1988|7.0|4|0|0|12|9|0|3|22|8|0|0|0|Matches
94|Santi Cazorla|es ESP|MF|Arsenal|31|1984|6.9|2|0|0|4|2|1|39|8|2|0|0|0|Matches
95|Petr Čech|cz CZE|GK|Arsenal|34|1982|34.4|2|0|0|0|2|0|0|1|0|0|2|1|Matches
96|Nacer Chadli|be BEL|"FW,MF"|West Brom|26|1989|23.7|2|0|0|17|16|3|58|22|20|0|0|0|Matches
97|Nathaniel Chalobah|eng ENG|"DF,MF"|Chelsea|21|1994|1.9|2|0|0|2|1|0|0|2|4|0|0|0|Matches
98|Calum Chambers|eng ENG|"DF,MF"|Arsenal|21|1995|1.0|0|0|0|0|2|0|0|1|1|0|0|0|Matches
99|Calum Chambers|eng ENG|"DF,MF"|Middlesbrough|21|1995|24.0|4|0|0|23|11|1|22|50|38|0|1|0|Matches
100|Ben Chilwell|eng ENG|"DF,MF"|Leicester City|19|1996|7.8|2|0|0|7|15|1|18|27|15|0|0|0|Matches
Rk|Player|Nation|Pos|Squad|Age|Born|90s|CrdY|CrdR|2CrdY|Fls|Fld|Off|Crs|Int|TklW|PKwon|PKcon|OG|Matches
101|Lee Chung-yong|kr KOR|"FW,MF"|Crystal Palace|28|1988|5.2|0|0|0|5|11|0|14|4|14|0|0|0|Matches
102|Jordy Clasie|nl NED|MF|Southampton|25|1991|11.3|3|0|0|15|6|0|9|15|9|0|1|0|Matches
103|Adam Clayton|eng ENG|MF|Middlesbrough|27|1989|31.2|10|0|0|52|44|0|24|68|54|0|0|0|Matches
104|Tom Cleverley|eng ENG|MF|Watford|26|1989|16.0|3|0|0|16|10|0|59|19|20|0|0|0|Matches
105|Tom Cleverley|eng ENG|MF|Everton|26|1989|4.5|1|0|0|7|2|0|3|11|10|0|0|0|Matches
106|Gaël Clichy|fr FRA|DF|Manchester City|31|1985|23.6|2|0|0|12|8|1|26|53|34|0|2|0|Matches
107|Sam Clucas|eng ENG|MF|Hull City|25|1990|35.4|9|1|0|22|27|1|64|52|60|0|1|0|Matches
108|Nathaniel Clyne|eng ENG|DF|Liverpool|25|1991|36.9|0|0|0|15|20|1|95|46|66|0|0|0|Matches
109|Séamus Coleman|ie IRL|"DF,MF"|Everton|27|1988|25.7|3|0|0|18|26|4|89|28|45|0|0|0|Matches
110|James Collins|wls WAL|DF|West Ham|32|1983|18.4|3|0|0|7|7|1|0|37|18|0|0|0|Matches
111|Lewis Cook|eng ENG|MF|Bournemouth|19|1997|4.8|1|0|0|3|3|0|2|7|9|0|0|0|Matches
112|Steve Cook|eng ENG|"DF,MF"|Bournemouth|25|1991|38.0|5|0|0|16|16|0|12|83|33|0|0|0|Matches
113|Francis Coquelin|fr FRA|"DF,MF"|Arsenal|25|1991|19.8|5|0|0|33|40|0|5|52|44|0|1|0|Matches
114|Jack Cork|eng ENG|"DF,MF"|Swansea City|27|1989|24.8|7|0|0|24|32|1|21|57|46|0|0|2|Matches
115|Diego Costa|es ESP|FW|Chelsea|27|1988|34.2|10|0|0|42|92|26|9|9|11|1|0|0|Matches
116|Thibaut Courtois|be BEL|GK|Chelsea|24|1992|36.0|1|0|0|0|2|0|0|0|0|0|1|0|Matches
117|Philippe Coutinho|br BRA|"FW,MF"|Liverpool|24|1992|24.7|2|0|0|18|36|5|126|18|25|0|0|0|Matches
118|Aaron Cresswell|eng ENG|"DF,MF"|West Ham|26|1989|23.5|4|2|1|11|8|4|97|25|16|0|0|0|Matches
119|Peter Crouch|eng ENG|FW|Stoke City|35|1981|14.9|3|0|0|26|18|7|0|3|4|0|0|0|Matches
120|Charlie Daniels|eng ENG|"DF,MF"|Bournemouth|29|1986|34.0|1|0|0|12|27|0|87|51|40|1|1|0|Matches
121|Scott Dann|eng ENG|DF|Crystal Palace|29|1987|19.4|2|0|0|13|13|0|3|32|11|0|1|0|Matches
122|Matteo Darmian|it ITA|"DF,MF"|Manchester Utd|26|1989|14.8|3|0|0|19|15|1|19|38|28|0|0|0|Matches
123|Ben Davies|wls WAL|"DF,MF"|Tottenham|23|1993|19.3|1|0|0|13|26|2|75|12|30|0|0|0|Matches
124|Curtis Davies|sl SLE|DF|Hull City|31|1985|23.7|4|0|0|12|22|0|5|92|25|0|1|1|Matches
125|Tom Davies|eng ENG|MF|Everton|18|1998|17.2|4|0|0|25|37|4|11|20|26|0|0|0|Matches
Rk|Player|Nation|Pos|Squad|Age|Born|90s|CrdY|CrdR|2CrdY|Fls|Fld|Off|Crs|Int|TklW|PKwon|PKcon|OG|Matches
126|Steven Davis|nir NIR|MF|Southampton|31|1985|29.4|3|0|0|18|13|1|71|26|41|0|1|0|Matches
127|Craig Dawson|eng ENG|DF|West Brom|26|1990|36.4|10|0|0|55|37|2|85|61|46|0|0|0|Matches
128|Michael Dawson|eng ENG|DF|Hull City|32|1983|19.1|4|0|0|13|6|1|0|29|12|0|1|1|Matches
129|Kevin De Bruyne|be BEL|"FW,MF"|Manchester City|25|1991|32.0|4|0|0|37|40|3|276|24|35|1|0|0|Matches
130|Mathieu Debuchy|fr FRA|DF|Arsenal|31|1985|0.2|0|0|0|0|0|0|0|1|0|0|0|0|Matches
131|Troy Deeney|eng ENG|FW|Watford|28|1988|32.7|7|0|0|42|28|20|16|18|16|0|0|1|Matches
132|Jermain Defoe|eng ENG|FW|Sunderland|33|1982|36.9|1|0|0|25|30|36|19|4|14|1|0|0|Matches
133|Steven Defour|be BEL|MF|Burnley|28|1988|11.9|1|0|0|14|8|2|70|33|16|0|0|0|Matches
134|Damien Delaney|ie IRL|DF|Crystal Palace|35|1981|22.4|8|0|0|25|14|1|5|43|22|0|1|0|Matches
135|Fabian Delph|eng ENG|"DF,MF"|Manchester City|26|1989|2.5|1|0|0|6|5|0|1|7|4|0|0|0|Matches
136|Mousa Dembélé|be BEL|MF|Tottenham|29|1987|22.8|5|0|0|43|21|0|3|26|55|1|0|0|Matches
137|Jason Denayer|be BEL|DF|Sunderland|21|1995|20.9|2|0|0|18|9|1|10|36|26|0|1|1|Matches
138|Mike van der Hoorn|nl NED|DF|Swansea City|23|1992|7.4|1|0|0|13|9|0|0|19|8|0|1|0|Matches
139|Gerard Deulofeu|es ESP|"FW,MF"|Everton|22|1994|5.1|1|0|0|2|3|10|37|4|5|0|0|0|Matches
140|Eric Dier|eng ENG|"DF,MF"|Tottenham|22|1994|33.8|6|0|0|25|19|3|20|37|34|0|0|0|Matches
141|Adama Diomande|no NOR|FW|Hull City|26|1990|13.0|1|0|0|20|16|10|4|8|22|0|0|0|Matches
142|Papy Djilobodji|sn SEN|DF|Sunderland|27|1988|17.5|6|1|1|22|16|2|5|54|18|0|0|0|Matches
143|Abdoulaye Doucouré|ml MLI|"FW,MF"|Watford|23|1993|15.1|4|0|0|12|5|0|6|22|13|0|0|0|Matches
144|Stewart Downing|eng ENG|"FW,MF"|Middlesbrough|32|1984|24.6|1|0|0|9|14|6|165|34|20|0|0|0|Matches
145|Danny Drinkwater|eng ENG|MF|Leicester City|26|1990|27.4|6|0|0|46|10|1|28|42|58|0|0|0|Matches
146|Nathan Dyer|eng ENG|"FW,MF"|Swansea City|28|1987|2.4|0|0|0|4|7|0|6|3|4|0|0|0|Matches
147|Ovie Ejaria|eng ENG|"FW,MF"|Liverpool|18|1997|0.1|0|0|0|0|0|0|0|0|0|0|0|0|Matches
148|Omar Elabdellaoui|no NOR|"DF,MF"|Hull City|24|1991|6.8|0|0|0|2|3|0|15|10|4|0|0|0|Matches
149|Andrew Eleftheriou|eng ENG|DF|Watford|18|1997|0.6|0|0|0|0|0|0|1|2|1|0|0|0|Matches
150|Ahmed Elmohamady|eg EGY|"DF,MF"|Hull City|28|1987|28.0|3|1|0|22|15|1|124|51|36|0|1|1|Matches
Rk|Player|Nation|Pos|Squad|Age|Born|90s|CrdY|CrdR|2CrdY|Fls|Fld|Off|Crs|Int|TklW|PKwon|PKcon|OG|Matches
151|Mohamed Elneny|eg EGY|MF|Arsenal|24|1992|7.7|1|0|0|10|5|0|8|8|14|0|0|0|Matches
152|Christian Eriksen|dk DEN|"FW,MF"|Tottenham|24|1992|35.1|0|0|0|20|27|2|246|25|35|0|0|0|Matches
153|Bernardo Espinosa|co COL|DF|Middlesbrough|27|1989|10.8|2|0|0|17|7|1|2|21|17|0|1|0|Matches
154|Jonny Evans|nir NIR|DF|West Brom|28|1988|29.3|8|0|0|30|27|0|9|82|26|0|0|0|Matches
155|Łukasz Fabiański|pl POL|GK|Swansea City|31|1985|37.0|1|0|0|0|4|0|0|1|2|0|1|0|Matches
156|Fábio|br BRA|DF|Middlesbrough|26|1990|20.5|8|0|0|29|21|4|71|37|51|0|0|0|Matches
157|Cesc Fàbregas|es ESP|"FW,MF"|Chelsea|29|1987|14.9|8|0|0|23|18|0|85|14|27|0|0|0|Matches
158|Adam Federici|au AUS|GK|Bournemouth|31|1985|2.0|1|0|0|0|0|0|0|0|0|0|0|0|Matches
159|Sofiane Feghouli|dz ALG|"FW,MF"|West Ham|26|1989|11.6|1|1|0|11|18|2|64|14|13|0|1|0|Matches
160|Marouane Fellaini|be BEL|MF|Manchester Utd|28|1987|17.8|9|1|0|41|20|3|4|30|41|0|2|0|Matches
161|Leroy Fer|nl NED|MF|Swansea City|26|1990|26.7|9|0|0|48|50|1|15|23|41|0|0|0|Matches
162|Edimilson Fernandes|ch SUI|"DF,MF"|West Ham|20|1996|11.1|4|0|0|16|7|1|11|20|14|0|0|0|Matches
163|Federico Fernández|ar ARG|DF|Swansea City|27|1989|27.0|7|0|0|26|16|0|5|50|30|0|2|0|Matches
164|Fernandinho|br BRA|"DF,MF"|Manchester City|31|1985|30.6|4|2|0|48|36|2|24|65|55|0|2|0|Matches
165|Fernando|br BRA|"DF,MF"|Manchester City|29|1987|6.3|3|0|0|11|7|0|1|14|14|0|0|0|Matches
166|Sam Field|eng ENG|MF|West Brom|18|1998|3.1|2|0|0|5|2|0|7|4|6|0|0|0|Matches
167|Roberto Firmino|br BRA|"FW,MF"|Liverpool|24|1991|34.0|5|0|0|50|31|19|60|25|42|3|0|0|Matches
168|Viktor Fischer|dk DEN|"FW,MF"|Middlesbrough|22|1994|4.9|0|0|0|1|7|3|16|1|4|0|0|0|Matches
169|Mathieu Flamini|fr FRA|MF|Crystal Palace|32|1984|3.0|0|0|0|1|0|0|1|5|2|0|0|0|Matches
170|Jon Flanagan|eng ENG|DF|Burnley|23|1993|4.0|2|0|0|9|2|0|5|14|14|0|0|0|Matches
171|Ashley Fletcher|eng ENG|FW|West Ham|20|1995|4.1|2|0|0|9|5|1|6|0|2|0|0|0|Matches
172|Darren Fletcher|sct SCO|MF|West Brom|32|1984|35.9|0|0|0|22|24|1|31|44|30|0|0|0|Matches
173|Michael Folivi|eng ENG|FW|Watford|18|1998|0.1|0|0|0|1|0|0|0|0|0|0|0|0|Matches
174|José Fonte|pt POR|DF|Southampton|32|1983|17.0|2|0|0|17|12|0|3|37|20|0|2|0|Matches
175|José Fonte|pt POR|DF|West Ham|32|1983|15.6|2|0|0|11|5|0|4|39|14|0|2|0|Matches
Rk|Player|Nation|Pos|Squad|Age|Born|90s|CrdY|CrdR|2CrdY|Fls|Fld|Off|Crs|Int|TklW|PKwon|PKcon|OG|Matches
176|Adam Forshaw|eng ENG|MF|Middlesbrough|24|1991|29.9|4|0|0|34|33|1|51|36|42|1|0|0|Matches
177|Fraser Forster|eng ENG|GK|Southampton|28|1988|38.0|3|0|0|0|0|0|1|0|2|0|0|0|Matches
178|Ben Foster|eng ENG|GK|West Brom|33|1983|38.0|2|0|0|0|5|0|0|2|0|0|0|0|Matches
179|Timothy Fosu-Mensah|nl NED|DF|Manchester Utd|18|1998|1.1|0|0|0|3|0|0|0|2|4|0|0|0|Matches
180|Simon Francis|eng ENG|DF|Bournemouth|31|1985|32.7|4|1|0|27|20|0|67|56|51|0|2|0|Matches
181|Ryan Fraser|sct SCO|"FW,MF"|Bournemouth|22|1994|19.6|3|0|0|18|64|2|127|13|13|5|0|0|Matches
182|George Friend|eng ENG|"DF,MF"|Middlesbrough|28|1987|21.8|4|0|0|29|24|0|36|56|49|0|0|0|Matches
183|Zeki Fryers|eng ENG|DF|Crystal Palace|23|1992|2.1|0|0|0|4|2|0|9|2|1|0|0|0|Matches
184|Christian Fuchs|at AUT|"DF,MF"|Leicester City|30|1986|34.5|10|0|0|29|10|1|96|68|76|0|0|0|Matches
185|Jay Fulton|sct SCO|MF|Swansea City|22|1994|7.7|2|0|0|10|11|1|5|7|20|0|0|0|Matches
186|Ramiro Funes Mori|ar ARG|DF|Everton|25|1991|17.1|0|0|0|11|15|1|5|33|17|0|0|0|Matches
187|Manolo Gabbiadini|it ITA|FW|Southampton|24|1991|8.0|1|0|0|9|10|10|3|3|3|0|0|0|Matches
188|Brendan Galloway|zw ZIM|DF|West Brom|20|1996|2.7|0|0|0|6|3|0|3|7|6|0|1|0|Matches
189|Idrissa Gana Gueye|sn SEN|MF|Everton|26|1989|29.8|11|0|0|51|53|0|13|77|103|1|0|0|Matches
190|Aleix García|es ESP|MF|Manchester City|19|1997|0.9|0|0|0|0|4|0|1|4|2|0|0|0|Matches
191|Craig Gardner|eng ENG|MF|West Brom|29|1986|2.4|1|0|0|8|2|0|12|2|3|0|0|0|Matches
192|David de Gea|es ESP|GK|Manchester Utd|25|1990|35.0|2|0|0|0|2|0|0|0|0|0|0|0|Matches
193|Rudy Gestede|bj BEN|FW|Middlesbrough|27|1988|5.9|3|0|0|8|12|3|2|3|6|0|0|0|Matches
194|Kieran Gibbs|eng ENG|"DF,MF"|Arsenal|26|1989|7.8|3|0|0|11|1|0|31|10|7|0|0|0|Matches
195|Ben Gibson|eng ENG|DF|Middlesbrough|23|1993|38.0|4|0|0|19|16|1|0|59|27|0|0|0|Matches
196|Darron Gibson|ie IRL|MF|Sunderland|28|1987|7.1|4|0|0|12|0|0|12|13|11|0|0|0|Matches
197|Olivier Giroud|fr FRA|FW|Arsenal|29|1986|13.4|2|0|0|21|12|12|3|7|9|1|0|0|Matches
198|Shay Given|ie IRL|GK|Stoke City|40|1976|5.0|1|0|0|0|1|0|0|0|0|0|0|1|Matches
199|Evandro Goebel|br BRA|MF|Hull City|29|1986|6.4|1|0|0|14|20|0|18|3|14|0|0|0|Matches
200|Angel Gomes|eng ENG|"FW,MF"|Manchester Utd|15|2000|0.0|0|0|0|0|0|0|0|0|0|0|0|0|Matches
Rk|Player|Nation|Pos|Squad|Age|Born|90s|CrdY|CrdR|2CrdY|Fls|Fld|Off|Crs|Int|TklW|PKwon|PKcon|OG|Matches
201|Heurelho Gomes|br BRA|GK|Watford|35|1981|37.1|1|0|0|0|4|0|0|3|0|0|1|1|Matches
202|Lynden Gooch|us USA|"DF,FW"|Sunderland|20|1995|4.1|3|0|0|8|6|0|13|6|11|0|0|0|Matches
203|Dan Gosling|eng ENG|"DF,MF"|Bournemouth|26|1990|15.2|6|0|0|26|31|1|7|26|40|0|0|0|Matches
204|Lewis Grabban|eng ENG|"FW,MF"|Bournemouth|28|1988|0.7|0|0|0|1|0|0|1|0|1|0|0|0|Matches
205|Max Gradel|ci CIV|"FW,MF"|Bournemouth|28|1987|1.5|3|0|0|4|1|2|8|3|4|0|0|0|Matches
206|Lee Grant|eng ENG|GK|Stoke City|33|1983|28.0|1|0|0|0|2|0|0|1|1|0|0|0|Matches
207|Andre Gray|jm JAM|FW|Burnley|25|1991|25.1|2|0|0|17|17|36|28|5|4|0|0|0|Matches
208|Demarai Gray|jm JAM|"FW,MF"|Leicester City|20|1996|11.7|2|0|0|12|14|2|82|11|14|1|0|0|Matches
209|Kamil Grosicki|pl POL|"FW,MF"|Hull City|28|1988|12.7|1|0|0|12|6|6|108|13|4|0|0|0|Matches
210|Marko Grujić|rs SRB|MF|Liverpool|20|1996|0.5|1|0|0|2|2|0|0|0|0|0|0|0|Matches
211|Adlène Guedioura|dz ALG|MF|Watford|30|1985|8.0|2|0|0|21|8|1|27|10|17|0|0|0|Matches
212|Adlène Guedioura|dz ALG|MF|Middlesbrough|30|1985|1.6|0|0|0|2|1|0|6|3|5|0|0|0|Matches
213|İlkay Gündoğan|de GER|MF|Manchester City|25|1990|7.8|0|0|0|2|10|0|7|9|9|0|0|0|Matches
214|Brad Guzan|us USA|GK|Middlesbrough|31|1984|10.0|0|0|0|0|1|0|0|1|1|0|1|0|Matches
215|Josh Harrop|eng ENG|MF|Manchester Utd|20|1995|1.0|0|0|0|4|1|0|4|0|3|0|0|0|Matches
216|Eden Hazard|be BEL|"FW,MF"|Chelsea|25|1991|33.1|3|0|0|19|101|8|87|28|14|1|0|0|Matches
217|Tom Heaton|eng ENG|GK|Burnley|30|1986|35.0|1|0|0|0|1|0|0|2|2|0|0|0|Matches
218|Jordan Henderson|eng ENG|MF|Liverpool|26|1990|23.5|8|0|0|28|17|0|65|47|64|0|0|0|Matches
219|Jeff Hendrick|ie IRL|"FW,MF"|Burnley|24|1992|29.9|6|1|0|42|37|4|17|44|15|0|0|0|Matches
220|Wayne Hennessey|wls WAL|GK|Crystal Palace|29|1987|29.0|1|0|0|0|3|0|0|1|2|0|0|0|Matches
221|Markus Henriksen|no NOR|"DF,MF"|Hull City|24|1992|7.1|1|0|0|15|12|1|12|5|9|0|1|0|Matches
222|Abel Hernández|uy URU|FW|Hull City|25|1990|15.8|0|0|0|18|11|11|1|4|6|0|0|0|Matches
223|Luis Hernández|es ESP|DF|Leicester City|27|1989|3.6|1|0|0|5|1|0|10|9|5|0|0|0|Matches
224|Ander Herrera|es ESP|MF|Manchester Utd|26|1989|27.4|7|1|1|48|45|0|50|86|63|0|0|0|Matches
225|Son Heung-min|kr KOR|"FW,MF"|Tottenham|24|1992|22.9|2|0|0|10|33|22|62|7|13|2|0|0|Matches
Rk|Player|Nation|Pos|Squad|Age|Born|90s|CrdY|CrdR|2CrdY|Fls|Fld|Off|Crs|Int|TklW|PKwon|PKcon|OG|Matches
226|Rob Holding|eng ENG|DF|Arsenal|20|1995|9.0|3|0|0|10|2|0|2|11|9|0|1|0|Matches
227|José Holebas|gr GRE|"DF,MF"|Watford|32|1984|32.3|14|0|0|43|24|1|166|58|47|0|0|0|Matches
228|Mason Holgate|eng ENG|DF|Everton|19|1996|15.2|2|0|0|13|16|0|52|22|33|0|0|0|Matches
229|George Honeyman|eng ENG|"FW,MF"|Sunderland|21|1994|2.6|1|0|0|4|8|2|9|4|8|0|0|0|Matches
230|Tom Huddlestone|eng ENG|MF|Hull City|29|1986|22.5|5|1|0|33|16|1|14|48|25|0|2|1|Matches
231|James Husband|eng ENG|DF|Middlesbrough|22|1994|0.6|0|0|0|0|0|0|0|0|0|0|0|0|Matches
232|Robert Huth|de GER|DF|Leicester City|31|1984|32.5|9|0|0|45|18|0|0|44|24|0|1|2|Matches
233|Pierre Højbjerg|dk DEN|MF|Southampton|20|1995|14.5|2|0|0|17|30|0|21|31|31|0|0|0|Matches
234|Jordon Ibe|eng ENG|"FW,MF"|Bournemouth|20|1995|11.7|0|0|0|7|13|1|43|10|11|0|0|0|Matches
235|Didier Ibrahim Ndong|ga GAB|"DF,MF"|Sunderland|22|1994|28.0|5|0|0|39|28|4|39|50|64|1|1|0|Matches
236|Zlatan Ibrahimović|se SWE|FW|Manchester Utd|34|1981|27.1|7|0|0|54|20|37|18|12|6|0|0|0|Matches
237|Odion Ighalo|ng NGA|FW|Watford|27|1989|14.3|1|0|0|18|15|9|6|4|8|0|0|0|Matches
238|Kelechi Iheanacho|ng NGA|"FW,MF"|Manchester City|19|1996|6.0|0|0|0|7|2|6|4|0|5|0|0|0|Matches
239|Giannelli Imbula|cd COD|MF|Stoke City|23|1992|8.8|1|0|0|3|12|0|8|4|10|0|0|1|Matches
240|Branislav Ivanović|rs SRB|DF|Chelsea|32|1984|6.5|2|0|0|8|8|2|23|11|11|0|0|0|Matches
241|Alex Iwobi|ng NGA|"FW,MF"|Arsenal|20|1996|16.2|1|0|0|7|13|3|19|8|15|0|0|0|Matches
242|Phil Jagielka|eng ENG|"DF,MF"|Everton|33|1982|25.0|6|2|1|14|28|0|1|41|34|0|3|0|Matches
243|Eldin Jakupović|ch SUI|GK|Hull City|31|1984|22.0|0|0|0|0|2|0|0|1|0|0|0|0|Matches
244|Matty James|eng ENG|MF|Leicester City|25|1991|0.0|0|0|0|0|0|0|0|0|0|0|0|0|Matches
245|Daryl Janmaat|nl NED|DF|Watford|27|1989|18.0|2|0|0|16|4|5|54|23|30|0|0|0|Matches
246|Vincent Janssen|nl NED|FW|Tottenham|22|1994|9.4|0|0|0|31|25|8|10|4|14|1|1|0|Matches
247|Adnan Januzaj|be BEL|"FW,MF"|Sunderland|21|1995|18.1|5|1|1|26|38|3|66|9|15|0|0|0|Matches
248|Mile Jedinak|au AUS|MF|Crystal Palace|31|1984|1.0|0|0|0|4|2|0|1|1|2|0|0|0|Matches
249|Carl Jenkinson|eng ENG|DF|Arsenal|24|1992|0.9|0|0|0|1|1|0|3|2|3|0|0|0|Matches
250|Gabriel Jesus|br BRA|"FW,MF"|Manchester City|19|1997|7.2|2|0|0|11|17|9|2|3|7|0|0|0|Matches
Rk|Player|Nation|Pos|Squad|Age|Born|90s|CrdY|CrdR|2CrdY|Fls|Fld|Off|Crs|Int|TklW|PKwon|PKcon|OG|Matches
251|Glen Johnson|eng ENG|DF|Stoke City|31|1984|21.7|1|0|0|12|19|0|34|42|37|0|0|0|Matches
252|Billy Jones|eng ENG|DF|Sunderland|29|1987|25.2|8|0|0|25|12|0|44|50|43|0|0|0|Matches
253|David Jones|eng ENG|MF|Burnley|31|1984|1.0|1|0|0|1|0|0|11|1|0|0|0|0|Matches
254|Phil Jones|eng ENG|"DF,MF"|Manchester Utd|24|1992|17.6|2|0|0|9|11|0|1|27|25|0|1|0|Matches
255|Lukas Jutkiewicz|eng ENG|FW|Burnley|27|1989|0.1|0|0|0|1|1|0|0|0|0|0|0|0|Matches
256|Christian Kabasele|be BEL|DF|Watford|25|1991|8.6|1|0|0|15|4|0|10|16|13|0|0|0|Matches
257|Younès Kaboul|fr FRA|DF|Watford|30|1986|20.2|2|0|0|20|7|0|11|47|20|0|0|0|Matches
258|Younès Kaboul|fr FRA|DF|Sunderland|30|1986|1.0|0|0|0|0|1|0|1|1|0|0|0|0|Matches
259|Sullay Kaikai|sl SLE|"FW,MF"|Crystal Palace|20|1995|0.3|0|0|0|0|0|0|2|0|0|0|0|0|Matches
260|Harry Kane|eng ENG|FW|Tottenham|23|1993|28.0|3|0|0|23|45|17|29|7|15|1|0|0|Matches
261|N'Golo Kanté|fr FRA|MF|Chelsea|25|1991|34.9|9|0|0|54|16|0|12|83|84|0|0|0|Matches
262|Loris Karius|de GER|GK|Liverpool|23|1993|10.0|0|0|0|0|1|0|0|1|0|0|0|0|Matches
263|Michael Keane|eng ENG|DF|Burnley|23|1993|35.0|4|0|0|16|11|1|7|66|28|0|1|0|Matches
264|Will Keane|ie IRL|"FW,MF"|Hull City|23|1993|3.1|0|0|0|4|2|2|3|1|0|0|0|0|Matches
265|Martin Kelly|eng ENG|"DF,MF"|Crystal Palace|26|1990|23.6|4|0|0|18|9|0|36|26|34|0|0|0|Matches
266|Kenedy|br BRA|"FW,MF"|Watford|20|1996|0.2|0|0|0|1|1|0|1|0|0|0|0|0|Matches
267|Kenedy|br BRA|"FW,MF"|Chelsea|20|1996|0.8|0|0|0|1|1|0|1|2|0|0|0|0|Matches
268|Jonjoe Kenny|eng ENG|"DF,FW"|Everton|19|1997|0.1|0|0|0|1|0|0|4|0|0|0|0|0|Matches
269|Wahbi Khazri|tn TUN|"FW,MF"|Sunderland|25|1991|9.4|6|0|0|20|16|7|71|9|10|0|0|0|Matches
270|Michael Kightly|eng ENG|"FW,MF"|Burnley|30|1986|1.2|0|0|0|3|2|0|14|0|4|0|0|0|Matches
271|Andy King|wls WAL|MF|Leicester City|27|1988|16.1|4|0|0|18|17|1|14|26|29|0|0|0|Matches
272|Joshua King|no NOR|"FW,MF"|Bournemouth|24|1992|30.1|1|0|0|58|43|6|42|22|41|0|0|0|Matches
273|Stephen Kingsley|sct SCO|DF|Swansea City|22|1994|11.5|0|0|0|3|7|0|46|9|10|0|0|0|Matches
274|Jan Kirchhoff|de GER|"DF,MF"|Sunderland|25|1990|4.8|1|0|0|8|1|0|1|11|10|0|0|0|Matches
275|Ragnar Klavan|ee EST|DF|Liverpool|30|1985|15.7|3|0|0|15|8|0|3|14|17|0|1|0|Matches
Rk|Player|Nation|Pos|Squad|Age|Born|90s|CrdY|CrdR|2CrdY|Fls|Fld|Off|Crs|Int|TklW|PKwon|PKcon|OG|Matches
276|Aleksandar Kolarov|rs SRB|DF|Manchester City|30|1985|28.2|6|0|0|34|39|0|27|47|35|0|0|1|Matches
277|Vincent Kompany|be BEL|DF|Manchester City|30|1986|9.1|5|0|0|19|6|0|1|19|11|0|0|0|Matches
278|Arouna Koné|ci CIV|FW|Everton|32|1983|0.8|0|0|0|0|0|0|0|0|0|0|0|0|Matches
279|Lamine Koné|ci CIV|DF|Sunderland|27|1989|28.3|4|0|0|15|10|2|3|51|28|0|0|0|Matches
280|Laurent Koscielny|fr FRA|DF|Arsenal|30|1985|31.4|4|1|0|19|26|2|3|90|42|1|1|0|Matches
281|Cheikhou Kouyaté|sn SEN|"DF,MF"|West Ham|26|1989|30.3|3|0|0|45|39|2|15|78|53|0|1|0|Matches
282|Bojan Krkić|es ESP|"FW,MF"|Stoke City|25|1990|5.3|1|0|0|4|10|0|25|3|5|1|0|0|Matches
283|Adam Lallana|eng ENG|"FW,MF"|Liverpool|28|1988|26.0|3|0|0|17|30|12|48|20|35|0|0|0|Matches
284|Rickie Lambert|eng ENG|FW|West Brom|34|1982|0.1|0|0|0|1|0|0|0|1|0|0|0|0|Matches
285|Érik Lamela|ar ARG|"FW,MF"|Tottenham|24|1992|6.6|1|0|0|13|11|1|26|4|12|0|1|0|Matches
286|Manuel Lanzini|ar ARG|"FW,MF"|West Ham|23|1993|30.1|9|0|0|20|38|7|73|51|34|0|0|0|Matches
287|Sebastian Larsson|se SWE|MF|Sunderland|31|1985|16.3|4|1|0|30|8|0|72|17|31|0|1|0|Matches
288|Grant Leadbitter|eng ENG|MF|Middlesbrough|30|1986|7.9|1|0|0|8|7|0|20|9|12|0|0|0|Matches
289|Joe Ledley|wls WAL|MF|Crystal Palace|29|1987|12.9|1|0|0|9|10|0|7|28|16|0|0|0|Matches
290|Lucas Leiva|br BRA|MF|Liverpool|29|1987|12.4|4|0|0|18|12|0|5|36|26|0|0|0|Matches
291|Jonathan Leko|eng ENG|"FW,MF"|West Brom|17|1999|2.0|0|0|0|0|5|0|11|2|0|0|0|0|Matches
292|Aaron Lennon|eng ENG|"FW,MF"|Everton|29|1987|5.7|0|0|0|2|3|0|11|5|12|0|0|0|Matches
293|Jeremain Lens|nl NED|"FW,MF"|Sunderland|28|1987|0.8|0|0|0|1|3|0|2|2|2|0|0|0|Matches
294|Joleon Lescott|eng ENG|DF|Sunderland|33|1982|1.4|0|0|0|2|1|0|0|4|0|0|0|0|Matches
295|Filip Lesniak|sk SVK|MF|Tottenham|20|1996|0.1|0|0|0|0|0|0|0|0|1|0|0|0|Matches
296|Jesse Lingard|eng ENG|"FW,MF"|Manchester Utd|23|1992|15.1|3|0|0|26|19|5|26|15|16|0|0|0|Matches
297|Jake Livermore|eng ENG|MF|West Brom|26|1989|14.5|2|0|0|17|8|0|3|19|21|0|0|0|Matches
298|Jake Livermore|eng ENG|MF|Hull City|26|1989|18.6|3|1|0|17|13|1|5|30|35|0|1|0|Matches
299|Fernando Llorente|es ESP|FW|Swansea City|31|1985|27.1|2|0|0|51|31|12|8|2|17|0|0|0|Matches
300|Hugo Lloris|fr FRA|GK|Tottenham|29|1986|33.4|0|0|0|0|4|0|0|2|0|0|0|0|Matches
Rk|Player|Nation|Pos|Squad|Age|Born|90s|CrdY|CrdR|2CrdY|Fls|Fld|Off|Crs|Int|TklW|PKwon|PKcon|OG|Matches
301|Ruben Loftus-Cheek|eng ENG|MF|Chelsea|20|1996|0.4|0|0|0|2|0|0|0|0|0|0|0|0|Matches
302|Kevin Long|ie IRL|DF|Burnley|25|1990|3.0|0|0|0|1|3|0|0|3|4|0|0|0|Matches
303|Shane Long|ie IRL|FW|Southampton|29|1987|14.0|2|0|0|27|37|13|25|5|11|2|0|0|Matches
304|Ademola Lookman|ng NGA|"FW,MF"|Everton|18|1997|3.2|0|0|0|4|7|2|1|2|4|0|0|0|Matches
305|Donald Love|sct SCO|"DF,MF"|Sunderland|21|1994|6.8|1|0|0|8|4|0|20|15|14|0|0|0|Matches
306|Dejan Lovren|hr CRO|DF|Liverpool|27|1989|28.4|6|0|0|25|20|1|7|47|32|0|0|0|Matches
307|Matthew Lowton|eng ENG|DF|Burnley|27|1989|36.0|9|0|0|34|23|0|116|70|71|0|1|0|Matches
308|David Luiz|br BRA|"DF,MF"|Chelsea|29|1987|32.8|6|0|0|29|30|3|7|69|27|0|0|0|Matches
309|Romelu Lukaku|be BEL|FW|Everton|23|1993|36.3|3|0|0|32|34|36|46|0|9|0|0|0|Matches
310|Harry Maguire|eng ENG|DF|Hull City|23|1993|25.6|5|0|0|24|34|3|15|67|39|0|1|0|Matches
311|Riyad Mahrez|dz ALG|"FW,MF"|Leicester City|25|1991|31.4|4|0|0|23|66|8|153|28|24|1|0|0|Matches
312|Ainsley Maitland-Niles|eng ENG|"DF,FW"|Arsenal|18|1997|0.0|0|0|0|0|0|0|0|0|1|0|0|0|Matches
313|Shaun Maloney|sct SCO|"FW,MF"|Hull City|33|1983|3.1|0|0|0|3|7|0|12|1|6|0|0|0|Matches
314|Steve Mandanda|fr FRA|GK|Crystal Palace|31|1985|9.0|0|0|0|0|1|0|0|0|0|0|0|0|Matches
315|Sadio Mané|sn SEN|"FW,MF"|Liverpool|24|1992|24.8|4|0|0|32|55|13|41|11|18|1|1|0|Matches
316|Vito Mannone|it ITA|GK|Sunderland|28|1988|9.0|0|0|0|0|0|0|0|1|0|0|0|0|Matches
317|Javier Manquillo|es ESP|DF|Sunderland|22|1994|15.9|2|0|0|14|13|5|36|25|22|0|0|0|Matches
318|Adrian Mariappa|jm JAM|DF|Watford|29|1986|6.2|0|0|0|4|4|2|1|14|16|0|0|0|Matches
319|Lazar Marković|rs SRB|"FW,MF"|Hull City|22|1994|11.2|4|0|0|17|19|2|18|14|12|0|0|0|Matches
320|Dean Marney|eng ENG|MF|Burnley|32|1984|19.6|7|0|0|34|20|0|7|28|28|0|0|0|Matches
321|David Marshall|sct SCO|GK|Hull City|31|1985|16.0|0|0|0|0|1|0|0|0|0|0|0|1|Matches
322|Anthony Martial|fr FRA|"FW,MF"|Manchester Utd|20|1995|17.3|2|0|0|26|28|6|57|9|16|0|0|0|Matches
323|Cuco Martina|cw CUW|"DF,MF"|Southampton|26|1989|6.6|0|0|0|4|5|1|37|14|9|0|0|0|Matches
324|Emiliano Martínez|ar ARG|GK|Arsenal|23|1992|2.0|0|0|0|0|0|0|0|0|0|0|1|0|Matches
325|Bruno Martins Indi|nl NED|DF|Stoke City|24|1992|35.0|4|0|0|25|10|2|4|66|42|0|0|0|Matches
Rk|Player|Nation|Pos|Squad|Age|Born|90s|CrdY|CrdR|2CrdY|Fls|Fld|Off|Crs|Int|TklW|PKwon|PKcon|OG|Matches
326|Brandon Mason|eng ENG|"DF,MF"|Watford|18|1997|1.3|0|0|0|3|2|0|0|3|1|0|0|0|Matches
327|Ryan Mason|eng ENG|MF|Hull City|25|1991|10.3|4|0|0|10|16|0|25|14|10|0|0|0|Matches
328|Arthur Masuaku|cd COD|"DF,MF"|West Ham|22|1993|10.8|1|0|0|16|10|0|30|26|32|0|1|0|Matches
329|Juan Mata|es ESP|"FW,MF"|Manchester Utd|28|1988|17.9|3|0|0|9|16|9|93|13|18|0|0|1|Matches
330|Nemanja Matić|rs SRB|MF|Chelsea|27|1988|29.9|4|0|0|33|26|2|8|55|40|0|0|0|Matches
331|Joël Matip|cm CMR|"DF,MF"|Liverpool|24|1991|27.3|3|0|0|14|11|0|5|49|37|0|1|0|Matches
332|Alfie Mawson|eng ENG|DF|Swansea City|22|1994|27.0|1|0|0|10|19|0|1|29|24|0|1|2|Matches
333|Dieumerci Mbokani|cd COD|FW|Hull City|30|1985|8.5|0|0|0|14|23|12|3|1|3|1|0|0|Matches
334|James McArthur|sct SCO|MF|Crystal Palace|28|1987|22.2|5|0|0|41|27|4|27|26|45|0|0|0|Matches
335|Gareth McAuley|nir NIR|DF|West Brom|36|1979|34.9|5|0|0|26|12|0|6|74|37|0|1|1|Matches
336|Oliver McBurnie|sct SCO|FW|Swansea City|20|1996|0.9|0|0|0|1|0|0|1|0|1|0|0|0|Matches
337|James McCarthy|ie IRL|MF|Everton|25|1990|6.8|2|0|0|10|9|0|4|11|12|0|0|0|Matches
338|James McClean|ie IRL|"DF,FW"|West Brom|27|1989|16.4|9|0|0|30|17|7|97|19|41|0|0|0|Matches
339|Paddy McNair|nir NIR|"DF,MF"|Sunderland|21|1995|3.9|0|0|0|6|3|0|7|5|6|0|0|1|Matches
340|Sam McQueen|eng ENG|MF|Southampton|21|1995|6.8|0|0|0|3|3|0|37|15|11|1|0|0|Matches
341|Scott McTominay|sct SCO|MF|Manchester Utd|19|1996|1.1|1|0|0|2|2|0|1|2|1|0|0|0|Matches
342|Ben Mee|eng ENG|DF|Burnley|26|1989|33.5|5|0|0|23|28|1|6|74|31|1|2|2|Matches
343|Memphis|nl NED|"FW,MF"|Manchester Utd|22|1994|0.3|1|0|0|1|0|1|4|0|1|0|0|0|Matches
344|Nampalys Mendy|sn SEN|MF|Leicester City|24|1992|3.0|1|0|0|4|8|0|1|6|1|0|0|0|Matches
345|Per Mertesacker|de GER|DF|Arsenal|31|1984|0.4|0|0|0|0|1|0|0|1|1|0|0|0|Matches
346|David Meyler|ie IRL|MF|Hull City|27|1989|10.7|2|0|0|9|17|1|15|20|20|0|0|0|Matches
347|Simon Mignolet|be BEL|GK|Liverpool|28|1988|28.0|0|0|0|0|5|0|0|1|1|0|0|0|Matches
348|Luka Milivojević|rs SRB|MF|Crystal Palace|25|1991|13.6|4|0|0|27|16|0|6|41|18|0|0|0|Matches
349|James Milner|eng ENG|"DF,MF"|Liverpool|30|1986|35.0|5|0|0|38|24|2|260|44|64|0|1|0|Matches
350|Tyrone Mings|eng ENG|DF|Bournemouth|23|1993|5.6|0|0|0|7|5|0|1|6|10|0|0|2|Matches
Rk|Player|Nation|Pos|Squad|Age|Born|90s|CrdY|CrdR|2CrdY|Fls|Fld|Off|Crs|Int|TklW|PKwon|PKcon|OG|Matches
351|Kevin Mirallas|be BEL|"FW,MF"|Everton|28|1987|23.0|2|0|0|26|25|4|137|8|14|0|0|0|Matches
352|Demetri Mitchell|eng ENG|"DF,MF"|Manchester Utd|19|1997|1.0|0|0|0|2|2|0|2|3|4|0|0|0|Matches
353|Henrikh Mkhitaryan|am ARM|"FW,MF"|Manchester Utd|27|1989|15.0|1|0|0|19|26|8|48|22|18|0|0|0|Matches
354|Nacho Monreal|es ESP|DF|Arsenal|30|1986|35.0|5|0|0|33|36|8|63|89|64|0|1|0|Matches
355|Jefferson Montero|ec ECU|"FW,MF"|Swansea City|26|1989|5.4|0|0|0|1|9|2|38|1|5|0|0|0|Matches
356|Alberto Moreno|es ESP|"DF,MF"|Liverpool|24|1992|3.4|1|0|0|2|6|0|13|2|6|0|1|0|Matches
357|Wes Morgan|jm JAM|DF|Leicester City|32|1984|27.0|3|0|0|20|9|1|1|56|15|1|1|0|Matches
358|James Morrison|sct SCO|"FW,MF"|West Brom|30|1986|19.3|3|0|0|18|16|3|22|22|19|0|0|0|Matches
359|Victor Moses|ng NGA|"DF,FW"|Chelsea|25|1990|27.6|4|0|0|28|32|3|119|41|42|0|0|0|Matches
360|Lys Mousset|fr FRA|"FW,MF"|Bournemouth|20|1996|3.0|0|0|0|6|5|1|3|0|1|0|0|1|Matches
361|Marc Muniesa|es ESP|"DF,MF"|Stoke City|24|1992|7.2|2|0|0|9|7|0|7|21|12|0|0|0|Matches
362|Ahmed Musa|ng NGA|"FW,MF"|Leicester City|23|1992|8.5|1|0|0|13|13|1|26|11|12|0|0|0|Matches
363|Shkodran Mustafi|de GER|DF|Arsenal|24|1992|25.3|11|0|0|36|16|1|20|61|43|0|0|0|Matches
364|Jordon Mutch|eng ENG|MF|Crystal Palace|24|1991|0.6|0|0|0|1|1|0|3|0|2|0|0|0|Matches
365|Alfred N'Diaye|sn SEN|"DF,MF"|Hull City|26|1990|14.1|7|0|0|36|9|2|7|20|35|0|1|0|Matches
366|Georges-Kévin N'Koudou|cm CMR|"FW,MF"|Tottenham|21|1995|0.6|0|0|0|1|3|0|7|0|1|0|0|0|Matches
367|Luciano Narsingh|nl NED|"FW,MF"|Swansea City|25|1990|4.6|0|0|0|3|9|1|26|3|0|0|0|0|Matches
368|Samir Nasri|fr FRA|"FW,MF"|Manchester City|29|1987|0.2|0|0|0|0|0|0|0|0|0|0|0|0|Matches
369|Kyle Naughton|eng ENG|DF|Swansea City|27|1988|30.2|5|0|0|25|22|0|77|39|57|0|1|1|Matches
370|Jesús Navas|es ESP|"DF,FW"|Manchester City|30|1985|11.8|2|0|0|7|11|3|92|21|18|0|0|0|Matches
371|Wilfred Ndidi|ng NGA|"DF,MF"|Leicester City|19|1996|16.9|0|0|0|26|10|1|3|38|39|0|0|0|Matches
372|Álvaro Negredo|es ESP|FW|Middlesbrough|30|1985|31.9|5|0|0|46|31|17|11|11|17|1|0|0|Matches
373|Julien Ngoy|be BEL|"FW,MF"|Stoke City|18|1997|0.5|0|0|0|0|1|0|3|0|1|0|0|0|Matches
374|M'Baye Niang|sn SEN|"FW,MF"|Watford|21|1994|13.8|2|0|0|24|31|5|37|10|6|0|0|0|Matches
375|Oumar Niasse|sn SEN|"FW,MF"|Hull City|26|1990|12.2|3|1|0|16|18|10|14|2|10|0|0|0|Matches
Rk|Player|Nation|Pos|Squad|Age|Born|90s|CrdY|CrdR|2CrdY|Fls|Fld|Off|Crs|Int|TklW|PKwon|PKcon|OG|Matches
376|Mark Noble|eng ENG|MF|West Ham|29|1987|26.5|10|0|0|27|43|1|24|42|32|0|0|0|Matches
377|Nolito|es ESP|"FW,MF"|Manchester City|29|1986|8.6|3|1|0|17|9|4|16|6|11|0|0|0|Matches
378|Kristoffer Nordfeldt|se SWE|GK|Swansea City|27|1989|1.0|0|0|0|0|1|0|0|0|0|0|0|0|Matches
379|Håvard Nordtveit|no NOR|"DF,MF"|West Ham|26|1990|10.6|2|0|0|11|8|0|8|24|16|0|1|0|Matches
380|Emilio Nsue|gq EQG|"DF,FW"|Middlesbrough|26|1989|3.6|0|0|0|4|4|0|5|6|2|0|0|0|Matches
381|David Nugent|eng ENG|FW|Middlesbrough|31|1985|0.5|0|0|0|2|0|0|2|0|1|0|0|0|Matches
382|Allan Nyom|cm CMR|"DF,MF"|West Brom|28|1988|29.3|8|0|0|50|19|2|78|61|55|0|1|0|Matches
383|Aiden O'Neill|au AUS|MF|Burnley|18|1998|0.9|0|0|0|1|0|0|1|1|1|0|0|0|Matches
384|John O'Shea|ie IRL|"DF,MF"|Sunderland|35|1981|24.0|5|0|0|17|9|0|0|41|20|0|0|0|Matches
385|Pedro Obiang|gq EQG|MF|West Ham|24|1992|19.6|7|0|0|27|39|0|8|33|57|0|0|0|Matches
386|Angelo Ogbonna|it ITA|DF|West Ham|28|1988|19.5|2|0|0|13|5|0|4|39|24|0|1|0|Matches
387|Stefano Okaka|it ITA|FW|Watford|26|1989|10.6|5|0|0|29|22|11|5|1|10|0|0|0|Matches
388|Shinji Okazaki|jp JPN|"FW,MF"|Leicester City|30|1986|17.4|1|0|0|27|44|4|4|14|26|1|0|0|Matches
389|Jonas Olsson|se SWE|DF|West Brom|33|1983|6.6|3|0|0|12|6|2|0|11|2|0|0|0|Matches
390|Martin Olsson|se SWE|"DF,MF"|Swansea City|28|1988|13.9|2|0|0|12|24|0|57|11|7|0|0|0|Matches
391|Josh Onomah|eng ENG|"FW,MF"|Tottenham|19|1997|0.2|0|0|0|0|1|1|1|0|2|0|0|0|Matches
392|Divock Origi|be BEL|"FW,MF"|Liverpool|21|1995|16.3|0|0|0|22|32|13|31|2|11|0|0|0|Matches
393|Oscar|br BRA|"FW,MF"|Chelsea|24|1991|5.1|1|0|0|5|5|0|15|5|16|0|0|0|Matches
394|David Ospina|co COL|GK|Arsenal|27|1988|1.6|0|0|0|0|1|0|0|0|0|0|0|0|Matches
395|Nicolás Otamendi|ar ARG|DF|Manchester City|28|1988|28.8|9|0|0|30|26|2|4|83|50|1|0|0|Matches
396|Bryan Oviedo|cr CRC|"DF,MF"|Sunderland|26|1990|9.4|1|0|0|12|10|0|27|18|27|0|0|0|Matches
397|Bryan Oviedo|cr CRC|"DF,MF"|Everton|26|1990|5.3|3|0|0|8|2|1|6|6|14|0|0|0|Matches
398|Alex Oxlade-Chamberlain|eng ENG|"FW,MF"|Arsenal|22|1993|17.4|1|0|0|30|18|1|68|13|32|0|0|0|Matches
399|Mesut Özil|de GER|MF|Arsenal|27|1988|31.6|2|0|0|13|33|22|186|16|22|0|0|0|Matches
400|Costel Pantilimon|ro ROU|GK|Watford|29|1987|0.9|0|0|0|0|0|0|0|0|0|0|0|0|Matches
Rk|Player|Nation|Pos|Squad|Age|Born|90s|CrdY|CrdR|2CrdY|Fls|Fld|Off|Crs|Int|TklW|PKwon|PKcon|OG|Matches
401|Gabriel Paulista|br BRA|DF|Arsenal|25|1990|16.9|6|0|0|19|11|0|8|32|16|0|1|0|Matches
402|Dimitri Payet|fr FRA|"FW,MF"|West Ham|29|1987|16.8|2|0|0|7|35|1|156|6|7|1|0|0|Matches
403|Pedro|es ESP|"FW,MF"|Chelsea|29|1987|23.8|6|0|0|32|40|8|72|21|36|1|0|0|Matches
404|Matthew Pennington|eng ENG|DF|Everton|21|1994|2.0|0|0|0|1|0|0|1|6|1|0|0|0|Matches
405|Dion Pereira|ag ATG|MF|Watford|17|1999|0.3|0|0|0|0|0|0|1|0|0|0|0|0|Matches
406|Roberto Pereyra|ar ARG|"DF,FW"|Watford|25|1991|11.5|2|1|0|8|18|2|32|8|6|0|0|0|Matches
407|Lucas Pérez|es ESP|"FW,MF"|Arsenal|27|1988|3.0|0|0|0|3|2|0|9|2|4|0|0|0|Matches
408|Matt Phillips|sct SCO|"DF,FW"|West Brom|25|1991|24.2|2|0|0|12|10|3|145|21|14|0|0|0|Matches
409|Jordan Pickford|eng ENG|GK|Sunderland|22|1994|29.0|0|0|0|0|6|0|0|3|0|0|0|0|Matches
410|Jérémy Pied|fr FRA|"DF,FW"|Southampton|27|1989|1.4|0|0|0|1|3|0|13|3|2|0|0|0|Matches
411|Steven Pienaar|za RSA|MF|Sunderland|34|1982|8.9|7|1|1|16|26|0|12|17|15|0|0|0|Matches
412|Erik Pieters|nl NED|"DF,MF"|Stoke City|27|1988|35.0|5|0|0|58|58|1|111|58|78|0|0|0|Matches
413|Paul Pogba|fr FRA|MF|Manchester Utd|23|1993|29.0|7|0|0|63|71|3|39|37|40|0|1|0|Matches
414|Sebastian Prödl|at AUT|"DF,MF"|Watford|29|1987|30.8|12|1|1|40|26|1|3|55|28|1|1|0|Matches
415|Marc Pugh|eng ENG|"FW,MF"|Bournemouth|29|1987|14.8|1|0|0|7|21|1|40|13|13|3|0|0|Matches
416|Jason Puncheon|eng ENG|MF|Crystal Palace|30|1986|34.3|9|0|0|61|37|1|149|40|61|0|0|0|Matches
417|Gastón Ramírez|uy URU|"FW,MF"|Middlesbrough|25|1990|17.1|10|1|1|36|30|1|81|15|37|0|0|0|Matches
418|Aaron Ramsey|wls WAL|MF|Arsenal|25|1990|13.7|3|0|0|15|20|2|21|15|12|0|0|0|Matches
419|Darren Randolph|ie IRL|GK|West Ham|29|1987|22.0|1|0|0|0|2|0|0|1|0|0|0|0|Matches
420|Àngel Rangel|es ESP|DF|Swansea City|33|1982|9.2|1|0|0|10|10|1|11|26|23|0|1|0|Matches
421|Andrea Ranocchia|it ITA|DF|Hull City|28|1988|14.8|2|0|0|12|17|0|2|27|22|0|0|0|Matches
422|Marcus Rashford|eng ENG|"FW,MF"|Manchester Utd|18|1997|19.0|3|0|0|16|33|12|84|14|14|1|0|0|Matches
423|Nathan Redmond|eng ENG|"FW,MF"|Southampton|22|1994|32.2|2|1|0|38|47|14|65|15|27|0|1|0|Matches
424|Harrison Reed|eng ENG|MF|Southampton|21|1995|0.7|0|0|0|1|0|0|0|5|2|0|0|0|Matches
425|Winston Reid|nz NZL|DF|West Ham|28|1988|28.7|10|1|1|33|36|1|4|86|29|2|0|0|Matches
Rk|Player|Nation|Pos|Squad|Age|Born|90s|CrdY|CrdR|2CrdY|Fls|Fld|Off|Crs|Int|TklW|PKwon|PKcon|OG|Matches
426|Loïc Rémy|fr FRA|FW|Crystal Palace|29|1987|1.5|0|0|0|2|1|1|6|0|0|0|0|0|Matches
427|Jordan Rhodes|sct SCO|FW|Middlesbrough|26|1990|2.3|0|0|0|3|3|2|1|0|1|0|0|0|Matches
428|Declan Rice|eng ENG|"DF,MF"|West Ham|17|1999|0.0|0|0|0|0|0|0|0|0|0|0|0|0|Matches
429|Andrew Robertson|sct SCO|"DF,MF"|Hull City|22|1994|30.4|5|0|0|18|10|1|120|56|36|0|2|0|Matches
430|Paul Robinson|eng ENG|GK|Burnley|36|1979|3.0|0|0|0|0|1|0|0|0|0|0|0|0|Matches
431|Joel Robles|es ESP|GK|Everton|26|1990|19.3|2|0|0|0|4|0|0|0|1|0|1|0|Matches
432|Hal Robson-Kanu|wls WAL|"FW,MF"|West Brom|27|1989|7.8|3|0|0|28|24|5|11|4|4|0|0|0|Matches
433|Jay Rodriguez|eng ENG|"FW,MF"|Southampton|27|1989|9.9|0|0|0|15|8|10|8|2|6|0|0|0|Matches
434|Jack Rodwell|eng ENG|"DF,MF"|Sunderland|25|1991|16.6|4|0|0|23|12|1|8|19|29|0|0|0|Matches
435|Marcos Rojo|ar ARG|DF|Manchester Utd|26|1990|18.5|5|0|0|23|10|0|10|35|22|0|0|0|Matches
436|Sergio Romero|ar ARG|GK|Manchester Utd|29|1987|2.0|0|0|0|0|0|0|0|0|0|0|0|0|Matches
437|Oriol Romeu|es ESP|MF|Southampton|24|1991|34.1|11|0|0|64|35|1|3|95|90|0|0|0|Matches
438|Salomón Rondón|ve VEN|FW|West Brom|26|1989|32.1|2|0|0|41|59|29|9|8|14|0|0|0|Matches
439|Marten de Roon|nl NED|"DF,MF"|Middlesbrough|25|1991|30.8|8|0|0|65|23|3|24|46|50|0|2|0|Matches
440|Wayne Rooney|eng ENG|"FW,MF"|Manchester Utd|30|1985|17.1|8|0|0|23|11|8|98|18|11|0|0|0|Matches
441|Danny Rose|eng ENG|"DF,MF"|Tottenham|26|1990|17.0|8|0|0|29|48|1|65|22|34|0|0|0|Matches
442|Wayne Routledge|eng ENG|"FW,MF"|Swansea City|31|1985|21.4|1|0|0|28|14|9|82|16|20|0|0|0|Matches
443|Bacary Sagna|fr FRA|DF|Manchester City|33|1983|15.0|2|0|0|3|8|1|26|23|16|0|0|0|Matches
444|Diafra Sakho|sn SEN|FW|West Ham|26|1989|2.0|0|0|0|3|3|6|2|0|1|0|0|0|Matches
445|Mamadou Sakho|fr FRA|DF|Crystal Palace|26|1990|7.6|0|0|0|1|4|0|1|14|1|0|0|0|Matches
446|Bakary Sako|ml MLI|"FW,MF"|Crystal Palace|28|1988|1.6|0|0|0|2|5|1|16|0|6|0|0|0|Matches
447|Alexis Sánchez|cl CHI|"FW,MF"|Arsenal|27|1988|35.7|6|0|0|48|71|27|65|27|40|1|0|0|Matches
448|Leroy Sané|de GER|"FW,MF"|Manchester City|20|1996|19.8|4|0|0|14|17|12|53|17|22|2|0|0|Matches
449|Jeffrey Schlupp|gh GHA|"DF,FW"|Crystal Palace|23|1992|11.1|0|0|0|4|9|0|12|26|21|1|0|0|Matches
450|Jeffrey Schlupp|gh GHA|"DF,FW"|Leicester City|23|1992|1.6|0|0|0|0|2|0|4|0|5|0|0|0|Matches
Rk|Player|Nation|Pos|Squad|Age|Born|90s|CrdY|CrdR|2CrdY|Fls|Fld|Off|Crs|Int|TklW|PKwon|PKcon|OG|Matches
451|Kasper Schmeichel|dk DEN|GK|Leicester City|29|1986|29.6|1|0|0|0|4|0|1|1|2|0|0|0|Matches
452|Morgan Schneiderlin|fr FRA|MF|Manchester Utd|26|1989|0.2|0|0|0|0|1|0|0|1|0|0|0|0|Matches
453|Morgan Schneiderlin|fr FRA|MF|Everton|26|1989|11.8|2|0|0|21|7|0|1|33|20|0|0|0|Matches
454|Xherdan Shaqiri|ch SUI|"FW,MF"|Stoke City|24|1991|18.9|2|0|0|16|28|5|129|10|6|1|0|0|Matches
455|Luke Shaw|eng ENG|"DF,MF"|Manchester Utd|21|1995|7.6|1|0|0|7|6|0|20|14|7|1|0|0|Matches
456|Ryan Shawcross|eng ENG|DF|Stoke City|28|1987|35.0|6|0|0|34|23|2|2|56|36|1|1|2|Matches
457|Gylfi Sigurðsson|is ISL|"FW,MF"|Swansea City|26|1989|37.0|2|0|0|19|33|1|308|37|33|2|0|0|Matches
458|David Silva|es ESP|"FW,MF"|Manchester City|30|1986|30.7|6|0|0|29|54|7|126|20|32|1|0|0|Matches
459|Danny Simpson|eng ENG|DF|Leicester City|29|1987|33.2|12|0|0|35|12|2|26|69|41|0|1|0|Matches
460|Josh Sims|eng ENG|MF|Southampton|19|1997|2.3|0|0|0|2|3|0|8|1|3|0|0|0|Matches
461|Jerome Sinclair|eng ENG|FW|Watford|19|1996|1.3|0|0|0|4|3|0|0|0|0|0|0|0|Matches
462|Moussa Sissoko|fr FRA|"FW,MF"|Tottenham|26|1989|10.1|3|0|0|21|10|2|34|7|12|0|0|0|Matches
463|Islam Slimani|dz ALG|FW|Leicester City|28|1988|14.2|1|0|0|27|15|11|3|3|10|0|0|0|Matches
464|Chris Smalling|eng ENG|DF|Manchester Utd|26|1989|13.5|0|0|0|8|8|1|0|13|10|0|0|0|Matches
465|Adam Smith|eng ENG|"DF,MF"|Bournemouth|25|1991|34.5|6|0|0|44|70|3|57|55|60|0|1|1|Matches
466|Brad Smith|au AUS|"DF,MF"|Bournemouth|22|1994|3.2|1|0|0|2|3|0|5|3|3|0|0|0|Matches
467|Robert Snodgrass|sct SCO|"FW,MF"|West Ham|28|1987|9.3|0|0|0|14|10|3|74|4|10|0|0|0|Matches
468|Robert Snodgrass|sct SCO|"FW,MF"|Hull City|28|1987|19.0|2|0|0|33|38|5|137|11|22|1|2|0|Matches
469|Cédric Soares|pt POR|"DF,MF"|Southampton|24|1991|27.9|7|0|0|22|19|2|144|37|61|0|0|0|Matches
470|Ramadan Sobhi|eg EGY|MF|Stoke City|19|1997|9.5|2|0|0|10|9|3|7|5|20|0|0|0|Matches
471|Pape Souaré|sn SEN|DF|Crystal Palace|26|1990|3.0|0|0|0|1|4|0|15|10|4|0|0|0|Matches
472|Junior Stanislas|eng ENG|"FW,MF"|Bournemouth|26|1989|16.3|1|0|0|8|9|5|70|9|11|0|0|0|Matches
473|Maarten Stekelenburg|nl NED|GK|Everton|33|1982|18.7|2|0|0|0|4|0|0|0|0|0|0|1|Matches
474|Jack Stephens|eng ENG|DF|Southampton|22|1994|16.3|1|0|0|15|5|1|5|27|18|0|1|0|Matches
475|Raheem Sterling|eng ENG|"FW,MF"|Manchester City|21|1994|27.9|7|0|0|35|55|15|85|20|20|3|1|0|Matches
Rk|Player|Nation|Pos|Squad|Age|Born|90s|CrdY|CrdR|2CrdY|Fls|Fld|Off|Crs|Int|TklW|PKwon|PKcon|OG|Matches
476|Kevin Stewart|jm JAM|"DF,MF"|Liverpool|22|1993|0.2|0|0|0|1|0|0|0|0|0|0|0|0|Matches
477|John Stones|eng ENG|DF|Manchester City|22|1994|22.4|1|0|0|9|9|0|0|42|22|0|0|0|Matches
478|Cristhian Stuani|uy URU|"FW,MF"|Middlesbrough|29|1986|15.0|4|0|0|21|30|4|26|10|26|0|0|0|Matches
479|Daniel Sturridge|eng ENG|"FW,MF"|Liverpool|26|1989|8.6|1|0|0|5|9|7|8|3|1|1|0|0|Matches
480|Isaac Success|ng NGA|"FW,MF"|Watford|20|1996|5.8|2|0|0|12|24|1|13|6|12|0|0|0|Matches
481|Ki Sung-yueng|kr KOR|MF|Swansea City|27|1989|14.3|3|0|0|18|22|1|10|21|18|1|1|0|Matches
482|Andrew Surman|eng ENG|MF|Bournemouth|29|1986|20.0|3|1|1|16|18|0|6|39|11|0|0|0|Matches
483|Dušan Tadić|rs SRB|"FW,MF"|Southampton|27|1988|26.8|4|0|0|30|41|9|186|19|16|0|1|0|Matches
484|Matt Targett|eng ENG|"DF,MF"|Southampton|20|1995|4.1|0|0|0|2|3|0|25|8|8|0|0|0|Matches
485|James Tarkowski|eng ENG|DF|Burnley|23|1992|6.3|1|0|0|10|9|2|3|10|13|0|0|0|Matches
486|Neil Taylor|wls WAL|"DF,MF"|Swansea City|27|1989|10.2|1|0|0|13|4|0|28|26|18|0|0|0|Matches
487|John Terry|eng ENG|DF|Chelsea|35|1980|5.5|1|0|0|5|3|0|3|5|2|0|0|0|Matches
488|James Tomkins|eng ENG|"DF,MF"|Crystal Palace|27|1989|21.9|4|0|0|11|11|0|4|38|19|0|0|0|Matches
489|Gökhan Töre|tr TUR|"FW,MF"|West Ham|24|1992|2.7|0|0|0|4|2|1|13|0|3|0|0|0|Matches
490|Yaya Touré|ci CIV|MF|Manchester City|33|1983|21.6|4|0|0|27|10|0|5|19|31|0|0|0|Matches
491|Andros Townsend|eng ENG|"FW,MF"|Crystal Palace|25|1991|28.0|4|0|0|19|35|3|236|44|64|1|0|0|Matches
492|Adama Traoré|es ESP|"FW,MF"|Middlesbrough|20|1996|17.1|1|0|0|20|42|1|79|7|26|0|0|0|Matches
493|Kieran Trippier|eng ENG|"DF,MF"|Tottenham|25|1990|6.3|1|0|0|8|6|1|29|7|14|0|0|0|Matches
494|Axel Tuanzebe|cd COD|DF|Manchester Utd|18|1997|3.4|0|0|0|6|4|0|0|7|4|0|0|0|Matches
495|Josh Tymon|eng ENG|"DF,MF"|Hull City|17|1999|3.6|1|0|0|4|2|0|7|6|6|0|0|0|Matches
496|Leonardo Ulloa|ar ARG|FW|Leicester City|30|1986|5.0|0|0|0|20|5|4|1|2|8|0|0|0|Matches
497|Víctor Valdés|es ESP|GK|Middlesbrough|34|1982|28.0|1|0|0|0|4|0|0|3|1|0|0|0|Matches
498|Antonio Valencia|ec ECU|"DF,MF"|Manchester Utd|30|1985|27.6|5|0|0|33|17|7|142|43|44|0|0|0|Matches
499|Enner Valencia|ec ECU|"FW,MF"|West Ham|26|1989|2.3|0|0|0|9|3|3|2|4|1|0|0|0|Matches
500|Enner Valencia|ec ECU|"FW,MF"|Everton|26|1989|8.0|1|0|0|17|14|4|21|8|13|1|0|0|Matches
Rk|Player|Nation|Pos|Squad|Age|Born|90s|CrdY|CrdR|2CrdY|Fls|Fld|Off|Crs|Int|TklW|PKwon|PKcon|OG|Matches
501|Virgil van Dijk|nl NED|DF|Southampton|25|1991|20.6|5|2|1|18|17|0|1|54|30|0|0|0|Matches
502|Jamie Vardy|eng ENG|FW|Leicester City|29|1987|31.1|2|1|0|26|27|25|49|10|14|1|0|0|Matches
503|Jan Vertonghen|be BEL|DF|Tottenham|29|1987|32.2|5|0|0|21|21|0|9|44|37|0|0|0|Matches
504|Sam Vokes|wls WAL|FW|Burnley|26|1989|22.9|0|0|0|24|29|23|7|5|8|1|0|0|Matches
505|Michel Vorm|nl NED|GK|Tottenham|32|1983|4.6|0|0|0|0|1|0|0|0|1|0|0|0|Matches
506|Matěj Vydra|cz CZE|"FW,MF"|Watford|24|1992|0.0|0|0|0|0|0|0|0|0|0|0|0|0|Matches
507|Theo Walcott|eng ENG|"FW,MF"|Arsenal|27|1989|21.3|1|0|0|15|29|17|50|13|27|1|0|0|Matches
508|Kyle Walker|eng ENG|"DF,MF"|Tottenham|26|1990|30.0|8|0|0|36|33|3|96|38|53|0|0|0|Matches
509|Jonathan Walters|ie IRL|"FW,MF"|Stoke City|32|1983|14.5|1|0|0|13|23|12|37|7|7|1|0|0|Matches
510|Victor Wanyama|ke KEN|MF|Tottenham|25|1991|33.5|10|0|0|64|37|0|15|39|64|0|0|0|Matches
511|Joel Ward|eng ENG|"DF,MF"|Crystal Palace|26|1989|38.0|7|0|0|36|53|0|79|64|67|0|0|0|Matches
512|Stephen Ward|ie IRL|"DF,FW"|Burnley|30|1985|35.9|5|0|0|34|56|0|115|75|49|0|0|0|Matches
513|James Ward-Prowse|eng ENG|MF|Southampton|21|1994|20.9|4|0|0|27|18|1|144|19|21|0|0|0|Matches
514|Marcin Wasilewski|pl POL|DF|Leicester City|36|1980|1.0|0|0|0|0|0|0|0|2|1|0|0|0|Matches
515|Duncan Watmore|eng ENG|"FW,MF"|Sunderland|22|1994|11.4|1|0|0|10|22|4|22|9|11|1|0|0|Matches
516|Ben Watson|eng ENG|MF|Watford|31|1985|0.6|0|1|0|2|0|0|0|4|1|0|0|0|Matches
517|Danny Welbeck|eng ENG|"FW,MF"|Arsenal|25|1990|8.3|0|0|0|7|9|2|2|6|5|0|0|0|Matches
518|Ashley Westwood|eng ENG|MF|Burnley|26|1990|6.1|3|0|0|8|1|0|2|5|6|0|0|0|Matches
519|Glenn Whelan|ie IRL|MF|Stoke City|32|1984|25.3|5|0|0|18|21|0|24|41|31|0|0|1|Matches
520|Connor Wickham|eng ENG|"FW,MF"|Crystal Palace|23|1993|4.6|1|0|0|12|5|1|6|2|2|0|0|0|Matches
521|Georginio Wijnaldum|nl NED|MF|Liverpool|25|1990|33.0|2|0|0|21|31|3|14|25|36|0|0|0|Matches
522|Ashley Williams|wls WAL|DF|Everton|31|1984|35.1|7|1|0|37|14|3|2|57|43|1|1|0|Matches
523|Willian|br BRA|"FW,MF"|Chelsea|27|1988|17.0|3|0|0|12|23|2|106|7|12|0|0|0|Matches
524|Jack Wilshere|eng ENG|MF|Arsenal|24|1992|0.4|1|0|0|2|3|0|1|1|2|0|0|0|Matches
525|Jack Wilshere|eng ENG|MF|Bournemouth|24|1992|21.2|3|0|0|19|49|0|27|14|18|0|0|0|Matches
Rk|Player|Nation|Pos|Squad|Age|Born|90s|CrdY|CrdR|2CrdY|Fls|Fld|Off|Crs|Int|TklW|PKwon|PKcon|OG|Matches
526|Callum Wilson|eng ENG|FW|Bournemouth|24|1992|15.1|0|0|0|29|26|18|10|5|6|2|0|0|Matches
527|Marc Wilson|ie IRL|"DF,MF"|West Brom|28|1987|2.8|3|0|0|5|2|0|6|5|3|0|0|0|Matches
528|Kevin Wimmer|at AUT|DF|Tottenham|23|1992|4.0|3|0|0|4|1|0|1|5|2|0|0|1|Matches
529|Harry Winks|eng ENG|MF|Tottenham|20|1996|5.5|1|0|0|10|10|0|7|6|8|0|0|0|Matches
530|Philipp Wollscheid|de GER|DF|Stoke City|27|1989|2.0|1|0|0|1|2|1|0|4|3|0|0|0|Matches
531|Ben Woodburn|wls WAL|"FW,MF"|Liverpool|16|1999|1.0|0|0|0|2|1|0|5|0|3|0|0|0|Matches
532|Matt Worthington|eng ENG|"DF,MF"|Bournemouth|18|1997|0.2|0|0|0|0|0|0|0|0|0|0|0|0|Matches
533|Granit Xhaka|ch SUI|MF|Arsenal|23|1992|27.6|5|2|0|37|19|1|26|44|55|0|2|0|Matches
534|Claudio Yacob|ar ARG|MF|West Brom|29|1987|26.9|9|0|0|39|34|0|3|60|65|0|0|0|Matches
535|Maya Yoshida|jp JPN|DF|Southampton|27|1988|23.0|2|0|0|18|20|1|9|48|21|2|1|0|Matches
536|Ashley Young|eng ENG|"DF,FW"|Manchester Utd|31|1985|8.4|2|0|0|9|15|1|38|15|16|0|0|0|Matches
537|Pablo Zabaleta|ar ARG|"DF,MF"|Manchester City|31|1985|11.8|2|0|0|14|15|5|15|27|28|0|0|0|Matches
538|Wilfried Zaha|ci CIV|"FW,MF"|Crystal Palace|23|1992|33.5|8|0|0|56|120|6|106|34|56|1|0|0|Matches
539|Mauro Zárate|ar ARG|"FW,MF"|Watford|29|1987|2.3|0|0|0|1|7|0|5|0|1|1|0|0|Matches
540|Simone Zaza|it ITA|FW|West Ham|25|1991|5.1|2|0|0|11|6|6|4|3|4|0|0|0|Matches
541|Ron-Robert Zieler|de GER|GK|Leicester City|27|1989|8.4|0|0|0|0|0|0|0|0|0|0|0|0|Matches
542|Kurt Zouma|fr FRA|DF|Chelsea|21|1994|2.8|0|0|0|2|2|0|2|5|6|0|0|0|Matches
543|Juan Zúñiga|co COL|"DF,MF"|Watford|30|1985|9.2|1|0|0|5|22|0|11|19|16|1|0|0|Matches